fecha,valor,indicador,region,a√±o
2019-01-01,582.949806,Demanda,peninsular,2019
2019-01-02,742.199407,Demanda,peninsular,2019
2019-01-03,787.764963,Demanda,peninsular,2019
2019-01-04,796.010035,Demanda,peninsular,2019
2019-01-05,721.029651,Demanda,peninsular,2019
2019-01-06,661.772168,Demanda,peninsular,2019
2019-01-07,764.920771,Demanda,peninsular,2019
2019-01-08,844.559085,Demanda,peninsular,2019
2019-01-09,846.151453,Demanda,peninsular,2019
2019-01-10,857.323124,Demanda,peninsular,2019
2019-01-11,867.1818860000001,Demanda,peninsular,2019
2019-01-12,775.1707120000001,Demanda,peninsular,2019
2019-01-13,722.271171,Demanda,peninsular,2019
2019-01-14,835.75236,Demanda,peninsular,2019
2019-01-15,846.245527,Demanda,peninsular,2019
2019-01-16,847.9118179999999,Demanda,peninsular,2019
2019-01-17,849.875833,Demanda,peninsular,2019
2019-01-18,848.7819420000001,Demanda,peninsular,2019
2019-01-19,766.5377199999999,Demanda,peninsular,2019
2019-01-20,705.583355,Demanda,peninsular,2019
2019-01-21,828.406838,Demanda,peninsular,2019
2019-01-22,864.8553029999999,Demanda,peninsular,2019
2019-01-23,854.462174,Demanda,peninsular,2019
2019-01-24,837.075708,Demanda,peninsular,2019
2019-01-25,815.349834,Demanda,peninsular,2019
2019-01-26,724.205323,Demanda,peninsular,2019
2019-01-27,678.249362,Demanda,peninsular,2019
2019-01-28,807.644379,Demanda,peninsular,2019
2019-01-29,832.6166119999999,Demanda,peninsular,2019
2019-01-30,829.785386,Demanda,peninsular,2019
2019-01-31,823.510841,Demanda,peninsular,2019
2019-02-01,811.4083569999999,Demanda,peninsular,2019
2019-02-02,739.149442,Demanda,peninsular,2019
2019-02-03,696.029792,Demanda,peninsular,2019
2019-02-04,827.865952,Demanda,peninsular,2019
2019-02-05,826.264446,Demanda,peninsular,2019
2019-02-06,813.527159,Demanda,peninsular,2019
2019-02-07,805.445154,Demanda,peninsular,2019
2019-02-08,799.019676,Demanda,peninsular,2019
2019-02-09,719.4038390000001,Demanda,peninsular,2019
2019-02-10,672.445604,Demanda,peninsular,2019
2019-02-11,781.692422,Demanda,peninsular,2019
2019-02-12,799.138409,Demanda,peninsular,2019
2019-02-13,797.8390459999999,Demanda,peninsular,2019
2019-02-14,794.2991380000001,Demanda,peninsular,2019
2019-02-15,790.637803,Demanda,peninsular,2019
2019-02-16,706.4874159999999,Demanda,peninsular,2019
2019-02-17,656.688443,Demanda,peninsular,2019
2019-02-18,779.646845,Demanda,peninsular,2019
2019-02-19,789.997493,Demanda,peninsular,2019
2019-02-20,785.6312680000001,Demanda,peninsular,2019
2019-02-21,781.135556,Demanda,peninsular,2019
2019-02-22,771.083106,Demanda,peninsular,2019
2019-02-23,689.1758199999999,Demanda,peninsular,2019
2019-02-24,637.4526040000001,Demanda,peninsular,2019
2019-02-25,750.831906,Demanda,peninsular,2019
2019-02-26,759.6974749999999,Demanda,peninsular,2019
2019-02-27,756.32491,Demanda,peninsular,2019
2019-02-28,742.210124,Demanda,peninsular,2019
2019-03-01,747.742259,Demanda,peninsular,2019
2019-03-02,670.2429960000001,Demanda,peninsular,2019
2019-03-03,621.4451949999999,Demanda,peninsular,2019
2019-03-04,729.81428,Demanda,peninsular,2019
2019-03-05,745.1641099999999,Demanda,peninsular,2019
2019-03-06,767.457592,Demanda,peninsular,2019
2019-03-07,758.1783029999999,Demanda,peninsular,2019
2019-03-08,748.5687909999999,Demanda,peninsular,2019
2019-03-09,671.315341,Demanda,peninsular,2019
2019-03-10,617.758559,Demanda,peninsular,2019
2019-03-11,726.4542879999999,Demanda,peninsular,2019
2019-03-12,743.155047,Demanda,peninsular,2019
2019-03-13,753.372783,Demanda,peninsular,2019
2019-03-14,753.975948,Demanda,peninsular,2019
2019-03-15,738.753829,Demanda,peninsular,2019
2019-03-16,660.072282,Demanda,peninsular,2019
2019-03-17,610.229793,Demanda,peninsular,2019
2019-03-18,708.1163889999999,Demanda,peninsular,2019
2019-03-19,707.250357,Demanda,peninsular,2019
2019-03-20,755.634542,Demanda,peninsular,2019
2019-03-21,758.9317219999999,Demanda,peninsular,2019
2019-03-22,749.138108,Demanda,peninsular,2019
2019-03-23,669.633017,Demanda,peninsular,2019
2019-03-24,611.819827,Demanda,peninsular,2019
2019-03-25,717.0738190000001,Demanda,peninsular,2019
2019-03-26,732.3950450000001,Demanda,peninsular,2019
2019-03-27,735.3143419999999,Demanda,peninsular,2019
2019-03-28,736.120156,Demanda,peninsular,2019
2019-03-29,733.687593,Demanda,peninsular,2019
2019-03-30,661.273331,Demanda,peninsular,2019
2019-03-31,595.4559919999999,Demanda,peninsular,2019
2019-04-01,728.854039,Demanda,peninsular,2019
2019-04-02,740.720312,Demanda,peninsular,2019
2019-04-03,743.726231,Demanda,peninsular,2019
2019-04-04,746.5321319999999,Demanda,peninsular,2019
2019-04-05,758.884449,Demanda,peninsular,2019
2019-04-06,683.345822,Demanda,peninsular,2019
2019-04-07,635.7432580000001,Demanda,peninsular,2019
2019-04-08,745.947421,Demanda,peninsular,2019
2019-04-09,762.514952,Demanda,peninsular,2019
2019-04-10,759.373018,Demanda,peninsular,2019
2019-04-11,754.5935770000001,Demanda,peninsular,2019
2019-04-12,737.503833,Demanda,peninsular,2019
2019-04-13,658.751444,Demanda,peninsular,2019
2019-04-14,606.7151709999999,Demanda,peninsular,2019
2019-04-15,705.6519440000001,Demanda,peninsular,2019
2019-04-16,712.912968,Demanda,peninsular,2019
2019-04-17,706.8961820000001,Demanda,peninsular,2019
2019-04-18,633.6451629999999,Demanda,peninsular,2019
2019-04-19,584.9293100000001,Demanda,peninsular,2019
2019-04-20,598.281137,Demanda,peninsular,2019
2019-04-21,575.850979,Demanda,peninsular,2019
2019-04-22,622.892917,Demanda,peninsular,2019
2019-04-23,691.440392,Demanda,peninsular,2019
2019-04-24,737.862824,Demanda,peninsular,2019
2019-04-25,739.9479660000001,Demanda,peninsular,2019
2019-04-26,722.3515749999999,Demanda,peninsular,2019
2019-04-27,641.47676,Demanda,peninsular,2019
2019-04-28,580.03458,Demanda,peninsular,2019
2019-04-29,681.641153,Demanda,peninsular,2019
2019-04-30,693.18814,Demanda,peninsular,2019
2019-05-01,588.783574,Demanda,peninsular,2019
2019-05-02,674.320005,Demanda,peninsular,2019
2019-05-03,696.474728,Demanda,peninsular,2019
2019-05-04,634.76562,Demanda,peninsular,2019
2019-05-05,585.505022,Demanda,peninsular,2019
2019-05-06,691.903437,Demanda,peninsular,2019
2019-05-07,715.282519,Demanda,peninsular,2019
2019-05-08,720.383459,Demanda,peninsular,2019
2019-05-09,719.680488,Demanda,peninsular,2019
2019-05-10,714.705845,Demanda,peninsular,2019
2019-05-11,642.893955,Demanda,peninsular,2019
2019-05-12,589.0662070000001,Demanda,peninsular,2019
2019-05-13,693.1943419999999,Demanda,peninsular,2019
2019-05-14,716.08591,Demanda,peninsular,2019
2019-05-15,714.403802,Demanda,peninsular,2019
2019-05-16,723.608482,Demanda,peninsular,2019
2019-05-17,708.065687,Demanda,peninsular,2019
2019-05-18,633.5816629999999,Demanda,peninsular,2019
2019-05-19,588.760853,Demanda,peninsular,2019
2019-05-20,693.2661509999999,Demanda,peninsular,2019
2019-05-21,712.267526,Demanda,peninsular,2019
2019-05-22,720.423021,Demanda,peninsular,2019
2019-05-23,721.032652,Demanda,peninsular,2019
2019-05-24,717.6893419999999,Demanda,peninsular,2019
2019-05-25,641.7133699999999,Demanda,peninsular,2019
2019-05-26,586.295917,Demanda,peninsular,2019
2019-05-27,703.430222,Demanda,peninsular,2019
2019-05-28,723.7896139999999,Demanda,peninsular,2019
2019-05-29,722.528761,Demanda,peninsular,2019
2019-05-30,719.643509,Demanda,peninsular,2019
2019-05-31,720.746446,Demanda,peninsular,2019
2019-06-01,657.113804,Demanda,peninsular,2019
2019-06-02,610.135227,Demanda,peninsular,2019
2019-06-03,727.199819,Demanda,peninsular,2019
2019-06-04,743.803929,Demanda,peninsular,2019
2019-06-05,728.013427,Demanda,peninsular,2019
2019-06-06,718.987495,Demanda,peninsular,2019
2019-06-07,716.146113,Demanda,peninsular,2019
2019-06-08,649.114105,Demanda,peninsular,2019
2019-06-09,598.266091,Demanda,peninsular,2019
2019-06-10,692.985625,Demanda,peninsular,2019
2019-06-11,717.613036,Demanda,peninsular,2019
2019-06-12,721.685017,Demanda,peninsular,2019
2019-06-13,725.1397099999999,Demanda,peninsular,2019
2019-06-14,720.6987389999999,Demanda,peninsular,2019
2019-06-15,649.826641,Demanda,peninsular,2019
2019-06-16,600.853162,Demanda,peninsular,2019
2019-06-17,714.625455,Demanda,peninsular,2019
2019-06-18,736.896725,Demanda,peninsular,2019
2019-06-19,741.912133,Demanda,peninsular,2019
2019-06-20,735.4882709999999,Demanda,peninsular,2019
2019-06-21,732.798844,Demanda,peninsular,2019
2019-06-22,672.993652,Demanda,peninsular,2019
2019-06-23,623.379646,Demanda,peninsular,2019
2019-06-24,688.002526,Demanda,peninsular,2019
2019-06-25,765.220281,Demanda,peninsular,2019
2019-06-26,792.83245,Demanda,peninsular,2019
2019-06-27,807.8750110000001,Demanda,peninsular,2019
2019-06-28,821.1525429999999,Demanda,peninsular,2019
2019-06-29,751.7245350000001,Demanda,peninsular,2019
2019-06-30,696.474637,Demanda,peninsular,2019
2019-07-01,805.062314,Demanda,peninsular,2019
2019-07-02,817.750686,Demanda,peninsular,2019
2019-07-03,814.766368,Demanda,peninsular,2019
2019-07-04,813.934525,Demanda,peninsular,2019
2019-07-05,816.024974,Demanda,peninsular,2019
2019-07-06,738.401275,Demanda,peninsular,2019
2019-07-07,686.379684,Demanda,peninsular,2019
2019-07-08,783.297789,Demanda,peninsular,2019
2019-07-09,782.095233,Demanda,peninsular,2019
2019-07-10,792.718173,Demanda,peninsular,2019
2019-07-11,821.250349,Demanda,peninsular,2019
2019-07-12,828.8768249999999,Demanda,peninsular,2019
2019-07-13,739.0652249999999,Demanda,peninsular,2019
2019-07-14,667.289338,Demanda,peninsular,2019
2019-07-15,796.026561,Demanda,peninsular,2019
2019-07-16,810.2570770000001,Demanda,peninsular,2019
2019-07-17,805.414836,Demanda,peninsular,2019
2019-07-18,808.118682,Demanda,peninsular,2019
2019-07-19,818.254951,Demanda,peninsular,2019
2019-07-20,744.167851,Demanda,peninsular,2019
2019-07-21,691.903017,Demanda,peninsular,2019
2019-07-22,836.08036,Demanda,peninsular,2019
2019-07-23,857.696956,Demanda,peninsular,2019
2019-07-24,860.19127,Demanda,peninsular,2019
2019-07-25,835.226076,Demanda,peninsular,2019
2019-07-26,809.646945,Demanda,peninsular,2019
2019-07-27,705.760649,Demanda,peninsular,2019
2019-07-28,639.0524129999999,Demanda,peninsular,2019
2019-07-29,759.984776,Demanda,peninsular,2019
2019-07-30,773.820297,Demanda,peninsular,2019
2019-07-31,765.475695,Demanda,peninsular,2019
2019-08-01,789.3342739999999,Demanda,peninsular,2019
2019-08-02,784.3893889999999,Demanda,peninsular,2019
2019-08-03,706.0687839999999,Demanda,peninsular,2019
2019-08-04,659.3744620000001,Demanda,peninsular,2019
2019-08-05,772.3475,Demanda,peninsular,2019
2019-08-06,793.04482,Demanda,peninsular,2019
2019-08-07,787.712421,Demanda,peninsular,2019
2019-08-08,795.6389869999999,Demanda,peninsular,2019
2019-08-09,795.454697,Demanda,peninsular,2019
2019-08-10,716.321021,Demanda,peninsular,2019
2019-08-11,651.8926260000001,Demanda,peninsular,2019
2019-08-12,712.385398,Demanda,peninsular,2019
2019-08-13,713.398323,Demanda,peninsular,2019
2019-08-14,722.738208,Demanda,peninsular,2019
2019-08-15,661.417317,Demanda,peninsular,2019
2019-08-16,715.896427,Demanda,peninsular,2019
2019-08-17,692.63836,Demanda,peninsular,2019
2019-08-18,652.155441,Demanda,peninsular,2019
2019-08-19,750.065106,Demanda,peninsular,2019
2019-08-20,750.474293,Demanda,peninsular,2019
2019-08-21,743.508569,Demanda,peninsular,2019
2019-08-22,746.785396,Demanda,peninsular,2019
2019-08-23,746.320647,Demanda,peninsular,2019
2019-08-24,685.6859669999999,Demanda,peninsular,2019
2019-08-25,640.3826,Demanda,peninsular,2019
2019-08-26,753.0021800000001,Demanda,peninsular,2019
2019-08-27,748.334103,Demanda,peninsular,2019
2019-08-28,759.403981,Demanda,peninsular,2019
2019-08-29,778.170266,Demanda,peninsular,2019
2019-08-30,782.463034,Demanda,peninsular,2019
2019-08-31,704.124582,Demanda,peninsular,2019
2019-09-01,658.2754649999999,Demanda,peninsular,2019
2019-09-02,772.035659,Demanda,peninsular,2019
2019-09-03,796.4925039999999,Demanda,peninsular,2019
2019-09-04,802.739777,Demanda,peninsular,2019
2019-09-05,785.233792,Demanda,peninsular,2019
2019-09-06,759.835407,Demanda,peninsular,2019
2019-09-07,677.23725,Demanda,peninsular,2019
2019-09-08,625.559392,Demanda,peninsular,2019
2019-09-09,725.543137,Demanda,peninsular,2019
2019-09-10,731.011426,Demanda,peninsular,2019
2019-09-11,699.252213,Demanda,peninsular,2019
2019-09-12,720.175206,Demanda,peninsular,2019
2019-09-13,710.999404,Demanda,peninsular,2019
2019-09-14,639.59483,Demanda,peninsular,2019
2019-09-15,600.8046509999999,Demanda,peninsular,2019
2019-09-16,722.110774,Demanda,peninsular,2019
2019-09-17,745.327536,Demanda,peninsular,2019
2019-09-18,749.4393100000001,Demanda,peninsular,2019
2019-09-19,750.409372,Demanda,peninsular,2019
2019-09-20,742.546066,Demanda,peninsular,2019
2019-09-21,662.31373,Demanda,peninsular,2019
2019-09-22,606.999498,Demanda,peninsular,2019
2019-09-23,708.014904,Demanda,peninsular,2019
2019-09-24,727.7302530000001,Demanda,peninsular,2019
2019-09-25,738.028712,Demanda,peninsular,2019
2019-09-26,739.145522,Demanda,peninsular,2019
2019-09-27,734.426657,Demanda,peninsular,2019
2019-09-28,653.6734939999999,Demanda,peninsular,2019
2019-09-29,597.6436339999999,Demanda,peninsular,2019
2019-09-30,715.11243,Demanda,peninsular,2019
2019-10-01,741.441646,Demanda,peninsular,2019
2019-10-02,733.752221,Demanda,peninsular,2019
2019-10-03,722.404634,Demanda,peninsular,2019
2019-10-04,719.06066,Demanda,peninsular,2019
2019-10-05,639.96626,Demanda,peninsular,2019
2019-10-06,595.82223,Demanda,peninsular,2019
2019-10-07,706.81127,Demanda,peninsular,2019
2019-10-08,729.654451,Demanda,peninsular,2019
2019-10-09,718.306304,Demanda,peninsular,2019
2019-10-10,725.766274,Demanda,peninsular,2019
2019-10-11,717.3422240000001,Demanda,peninsular,2019
2019-10-12,624.559893,Demanda,peninsular,2019
2019-10-13,591.908756,Demanda,peninsular,2019
2019-10-14,708.9723909999999,Demanda,peninsular,2019
2019-10-15,707.9474690000001,Demanda,peninsular,2019
2019-10-16,711.483129,Demanda,peninsular,2019
2019-10-17,712.870909,Demanda,peninsular,2019
2019-10-18,702.013343,Demanda,peninsular,2019
2019-10-19,638.521461,Demanda,peninsular,2019
2019-10-20,590.245061,Demanda,peninsular,2019
2019-10-21,698.011851,Demanda,peninsular,2019
2019-10-22,728.673757,Demanda,peninsular,2019
2019-10-23,731.4623290000001,Demanda,peninsular,2019
2019-10-24,729.548927,Demanda,peninsular,2019
2019-10-25,721.0047149999999,Demanda,peninsular,2019
2019-10-26,639.527818,Demanda,peninsular,2019
2019-10-27,617.8978510000001,Demanda,peninsular,2019
2019-10-28,705.517424,Demanda,peninsular,2019
2019-10-29,720.759167,Demanda,peninsular,2019
2019-10-30,716.813201,Demanda,peninsular,2019
2019-10-31,706.779544,Demanda,peninsular,2019
2019-11-01,610.338583,Demanda,peninsular,2019
2019-11-02,613.091302,Demanda,peninsular,2019
2019-11-03,585.745923,Demanda,peninsular,2019
2019-11-04,701.349067,Demanda,peninsular,2019
2019-11-05,723.9212249999999,Demanda,peninsular,2019
2019-11-06,726.803046,Demanda,peninsular,2019
2019-11-07,738.90463,Demanda,peninsular,2019
2019-11-08,747.0951,Demanda,peninsular,2019
2019-11-09,674.799054,Demanda,peninsular,2019
2019-11-10,628.624931,Demanda,peninsular,2019
2019-11-11,757.559515,Demanda,peninsular,2019
2019-11-12,773.524257,Demanda,peninsular,2019
2019-11-13,776.833483,Demanda,peninsular,2019
2019-11-14,794.537245,Demanda,peninsular,2019
2019-11-15,794.400091,Demanda,peninsular,2019
2019-11-16,712.515929,Demanda,peninsular,2019
2019-11-17,673.2166110000001,Demanda,peninsular,2019
2019-11-18,784.186573,Demanda,peninsular,2019
2019-11-19,810.1541060000001,Demanda,peninsular,2019
2019-11-20,821.5763029999999,Demanda,peninsular,2019
2019-11-21,815.715186,Demanda,peninsular,2019
2019-11-22,812.859646,Demanda,peninsular,2019
2019-11-23,706.596572,Demanda,peninsular,2019
2019-11-24,657.967591,Demanda,peninsular,2019
2019-11-25,774.027534,Demanda,peninsular,2019
2019-11-26,785.754366,Demanda,peninsular,2019
2019-11-27,774.548693,Demanda,peninsular,2019
2019-11-28,776.056195,Demanda,peninsular,2019
2019-11-29,758.247169,Demanda,peninsular,2019
2019-11-30,686.811005,Demanda,peninsular,2019
2019-12-01,649.0308190000001,Demanda,peninsular,2019
2019-12-02,776.1569529999999,Demanda,peninsular,2019
2019-12-03,794.0714429999999,Demanda,peninsular,2019
2019-12-04,802.721404,Demanda,peninsular,2019
2019-12-05,797.187595,Demanda,peninsular,2019
2019-12-06,687.010235,Demanda,peninsular,2019
2019-12-07,677.7451060000001,Demanda,peninsular,2019
2019-12-08,653.010122,Demanda,peninsular,2019
2019-12-09,731.497032,Demanda,peninsular,2019
2019-12-10,794.421564,Demanda,peninsular,2019
2019-12-11,810.110768,Demanda,peninsular,2019
2019-12-12,825.12176,Demanda,peninsular,2019
2019-12-13,793.677004,Demanda,peninsular,2019
2019-12-14,703.955843,Demanda,peninsular,2019
2019-12-15,660.219604,Demanda,peninsular,2019
2019-12-16,780.2950699999999,Demanda,peninsular,2019
2019-12-17,786.9450870000001,Demanda,peninsular,2019
2019-12-18,792.257443,Demanda,peninsular,2019
2019-12-19,793.7284790000001,Demanda,peninsular,2019
2019-12-20,757.48361,Demanda,peninsular,2019
2019-12-21,666.815843,Demanda,peninsular,2019
2019-12-22,621.188286,Demanda,peninsular,2019
2019-12-23,675.581844,Demanda,peninsular,2019
2019-12-24,622.14762,Demanda,peninsular,2019
2019-12-25,541.452518,Demanda,peninsular,2019
2019-12-26,632.220615,Demanda,peninsular,2019
2019-12-27,674.1504719999999,Demanda,peninsular,2019
2019-12-28,646.963129,Demanda,peninsular,2019
2019-12-29,617.2651920000001,Demanda,peninsular,2019
2019-12-30,689.973969,Demanda,peninsular,2019
2019-12-31,656.5143029999999,Demanda,peninsular,2019
2020-01-01,574.77672,Demanda,peninsular,2020
2020-01-02,723.522375,Demanda,peninsular,2020
2020-01-03,754.6453419999999,Demanda,peninsular,2020
2020-01-04,702.390878,Demanda,peninsular,2020
2020-01-05,651.967486,Demanda,peninsular,2020
2020-01-06,630.259532,Demanda,peninsular,2020
2020-01-07,789.0316210000001,Demanda,peninsular,2020
2020-01-08,820.1436779999999,Demanda,peninsular,2020
2020-01-09,820.7696139999999,Demanda,peninsular,2020
2020-01-10,814.7598270000001,Demanda,peninsular,2020
2020-01-11,732.5317249999999,Demanda,peninsular,2020
2020-01-12,693.449101,Demanda,peninsular,2020
2020-01-13,829.1579059999999,Demanda,peninsular,2020
2020-01-14,844.4160790000001,Demanda,peninsular,2020
2020-01-15,832.9102929999999,Demanda,peninsular,2020
2020-01-16,822.827255,Demanda,peninsular,2020
2020-01-17,807.653787,Demanda,peninsular,2020
2020-01-18,729.6730239999999,Demanda,peninsular,2020
2020-01-19,689.8208860000001,Demanda,peninsular,2020
2020-01-20,846.106888,Demanda,peninsular,2020
2020-01-21,862.132604,Demanda,peninsular,2020
2020-01-22,841.706187,Demanda,peninsular,2020
2020-01-23,829.427103,Demanda,peninsular,2020
2020-01-24,821.136183,Demanda,peninsular,2020
2020-01-25,734.265345,Demanda,peninsular,2020
2020-01-26,676.3692619999999,Demanda,peninsular,2020
2020-01-27,807.615701,Demanda,peninsular,2020
2020-01-28,807.001677,Demanda,peninsular,2020
2020-01-29,792.162501,Demanda,peninsular,2020
2020-01-30,778.203546,Demanda,peninsular,2020
2020-01-31,765.448598,Demanda,peninsular,2020
2020-02-01,681.471943,Demanda,peninsular,2020
2020-02-02,625.016468,Demanda,peninsular,2020
2020-02-03,729.3290820000001,Demanda,peninsular,2020
2020-02-04,747.892827,Demanda,peninsular,2020
2020-02-05,758.9877879999999,Demanda,peninsular,2020
2020-02-06,769.754643,Demanda,peninsular,2020
2020-02-07,772.488589,Demanda,peninsular,2020
2020-02-08,698.19959,Demanda,peninsular,2020
2020-02-09,646.787156,Demanda,peninsular,2020
2020-02-10,749.504414,Demanda,peninsular,2020
2020-02-11,761.008347,Demanda,peninsular,2020
2020-02-12,766.558356,Demanda,peninsular,2020
2020-02-13,759.532177,Demanda,peninsular,2020
2020-02-14,753.9541409999999,Demanda,peninsular,2020
2020-02-15,675.832097,Demanda,peninsular,2020
2020-02-16,625.453407,Demanda,peninsular,2020
2020-02-17,739.797699,Demanda,peninsular,2020
2020-02-18,766.371869,Demanda,peninsular,2020
2020-02-19,764.941248,Demanda,peninsular,2020
2020-02-20,763.651659,Demanda,peninsular,2020
2020-02-21,753.7447340000001,Demanda,peninsular,2020
2020-02-22,672.07247,Demanda,peninsular,2020
2020-02-23,620.87208,Demanda,peninsular,2020
2020-02-24,730.827761,Demanda,peninsular,2020
2020-02-25,743.8207530000001,Demanda,peninsular,2020
2020-02-26,753.405313,Demanda,peninsular,2020
2020-02-27,751.137432,Demanda,peninsular,2020
2020-02-28,728.292593,Demanda,peninsular,2020
2020-02-29,670.263321,Demanda,peninsular,2020
2020-03-01,626.873694,Demanda,peninsular,2020
2020-03-02,741.296331,Demanda,peninsular,2020
2020-03-03,769.321188,Demanda,peninsular,2020
2020-03-04,759.058244,Demanda,peninsular,2020
2020-03-05,754.3651639999999,Demanda,peninsular,2020
2020-03-06,757.995483,Demanda,peninsular,2020
2020-03-07,683.5324390000001,Demanda,peninsular,2020
2020-03-08,630.442877,Demanda,peninsular,2020
2020-03-09,740.417533,Demanda,peninsular,2020
2020-03-10,747.566521,Demanda,peninsular,2020
2020-03-11,742.561392,Demanda,peninsular,2020
2020-03-12,738.0889070000001,Demanda,peninsular,2020
2020-03-13,729.774542,Demanda,peninsular,2020
2020-03-14,646.497547,Demanda,peninsular,2020
2020-03-15,600.435811,Demanda,peninsular,2020
2020-03-16,704.1242639999999,Demanda,peninsular,2020
2020-03-17,706.050583,Demanda,peninsular,2020
2020-03-18,684.7990699999999,Demanda,peninsular,2020
2020-03-19,641.992028,Demanda,peninsular,2020
2020-03-20,647.058248,Demanda,peninsular,2020
2020-03-21,612.492101,Demanda,peninsular,2020
2020-03-22,583.510909,Demanda,peninsular,2020
2020-03-23,653.558582,Demanda,peninsular,2020
2020-03-24,663.819764,Demanda,peninsular,2020
2020-03-25,664.643791,Demanda,peninsular,2020
2020-03-26,661.3383240000001,Demanda,peninsular,2020
2020-03-27,667.335755,Demanda,peninsular,2020
2020-03-28,605.617221,Demanda,peninsular,2020
2020-03-29,540.51504,Demanda,peninsular,2020
2020-03-30,610.9960749999999,Demanda,peninsular,2020
2020-03-31,610.653934,Demanda,peninsular,2020
2020-04-01,599.875958,Demanda,peninsular,2020
2020-04-02,599.323162,Demanda,peninsular,2020
2020-04-03,584.6836940000001,Demanda,peninsular,2020
2020-04-04,542.996041,Demanda,peninsular,2020
2020-04-05,519.594376,Demanda,peninsular,2020
2020-04-06,568.14384,Demanda,peninsular,2020
2020-04-07,567.082621,Demanda,peninsular,2020
2020-04-08,555.027089,Demanda,peninsular,2020
2020-04-09,529.824736,Demanda,peninsular,2020
2020-04-10,510.43549,Demanda,peninsular,2020
2020-04-11,518.229908,Demanda,peninsular,2020
2020-04-12,501.61548,Demanda,peninsular,2020
2020-04-13,537.818991,Demanda,peninsular,2020
2020-04-14,584.017243,Demanda,peninsular,2020
2020-04-15,604.3471850000001,Demanda,peninsular,2020
2020-04-16,604.521525,Demanda,peninsular,2020
2020-04-17,598.6975679999999,Demanda,peninsular,2020
2020-04-18,552.914776,Demanda,peninsular,2020
2020-04-19,520.1232679999999,Demanda,peninsular,2020
2020-04-20,585.331059,Demanda,peninsular,2020
2020-04-21,608.8807049999999,Demanda,peninsular,2020
2020-04-22,608.023375,Demanda,peninsular,2020
2020-04-23,599.598011,Demanda,peninsular,2020
2020-04-24,594.6619840000001,Demanda,peninsular,2020
2020-04-25,556.038735,Demanda,peninsular,2020
2020-04-26,522.374953,Demanda,peninsular,2020
2020-04-27,590.579965,Demanda,peninsular,2020
2020-04-28,601.2031049999999,Demanda,peninsular,2020
2020-04-29,600.23468,Demanda,peninsular,2020
2020-04-30,594.712471,Demanda,peninsular,2020
2020-05-01,525.344189,Demanda,peninsular,2020
2020-05-02,529.331136,Demanda,peninsular,2020
2020-05-03,509.365967,Demanda,peninsular,2020
2020-05-04,585.884404,Demanda,peninsular,2020
2020-05-05,607.115027,Demanda,peninsular,2020
2020-05-06,610.19936,Demanda,peninsular,2020
2020-05-07,604.624142,Demanda,peninsular,2020
2020-05-08,597.1797879999999,Demanda,peninsular,2020
2020-05-09,547.084706,Demanda,peninsular,2020
2020-05-10,513.399456,Demanda,peninsular,2020
2020-05-11,591.350652,Demanda,peninsular,2020
2020-05-12,617.479021,Demanda,peninsular,2020
2020-05-13,617.401116,Demanda,peninsular,2020
2020-05-14,620.5579009999999,Demanda,peninsular,2020
2020-05-15,608.95225,Demanda,peninsular,2020
2020-05-16,555.670934,Demanda,peninsular,2020
2020-05-17,519.597946,Demanda,peninsular,2020
2020-05-18,596.670207,Demanda,peninsular,2020
2020-05-19,615.0526040000001,Demanda,peninsular,2020
2020-05-20,622.450073,Demanda,peninsular,2020
2020-05-21,630.168002,Demanda,peninsular,2020
2020-05-22,634.3552639999999,Demanda,peninsular,2020
2020-05-23,582.895641,Demanda,peninsular,2020
2020-05-24,542.1706409999999,Demanda,peninsular,2020
2020-05-25,627.4661110000001,Demanda,peninsular,2020
2020-05-26,642.990536,Demanda,peninsular,2020
2020-05-27,644.707726,Demanda,peninsular,2020
2020-05-28,642.005868,Demanda,peninsular,2020
2020-05-29,641.5703100000001,Demanda,peninsular,2020
2020-05-30,583.3804329999999,Demanda,peninsular,2020
2020-05-31,541.662429,Demanda,peninsular,2020
2020-06-01,627.334741,Demanda,peninsular,2020
2020-06-02,653.3965,Demanda,peninsular,2020
2020-06-03,662.452407,Demanda,peninsular,2020
2020-06-04,651.301681,Demanda,peninsular,2020
2020-06-05,640.912088,Demanda,peninsular,2020
2020-06-06,582.674188,Demanda,peninsular,2020
2020-06-07,540.393818,Demanda,peninsular,2020
2020-06-08,625.763383,Demanda,peninsular,2020
2020-06-09,643.604721,Demanda,peninsular,2020
2020-06-10,653.728489,Demanda,peninsular,2020
2020-06-11,653.624408,Demanda,peninsular,2020
2020-06-12,645.918049,Demanda,peninsular,2020
2020-06-13,581.088713,Demanda,peninsular,2020
2020-06-14,543.304621,Demanda,peninsular,2020
2020-06-15,644.001077,Demanda,peninsular,2020
2020-06-16,656.823463,Demanda,peninsular,2020
2020-06-17,661.145578,Demanda,peninsular,2020
2020-06-18,662.011432,Demanda,peninsular,2020
2020-06-19,657.6761829999999,Demanda,peninsular,2020
2020-06-20,608.254976,Demanda,peninsular,2020
2020-06-21,572.807006,Demanda,peninsular,2020
2020-06-22,682.9632909999999,Demanda,peninsular,2020
2020-06-23,706.61383,Demanda,peninsular,2020
2020-06-24,668.203326,Demanda,peninsular,2020
2020-06-25,711.838827,Demanda,peninsular,2020
2020-06-26,702.221428,Demanda,peninsular,2020
2020-06-27,638.125491,Demanda,peninsular,2020
2020-06-28,604.1445640000001,Demanda,peninsular,2020
2020-06-29,723.951102,Demanda,peninsular,2020
2020-06-30,752.302735,Demanda,peninsular,2020
2020-07-01,763.359011,Demanda,peninsular,2020
2020-07-02,765.7901019999999,Demanda,peninsular,2020
2020-07-03,735.357247,Demanda,peninsular,2020
2020-07-04,660.713186,Demanda,peninsular,2020
2020-07-05,626.327165,Demanda,peninsular,2020
2020-07-06,757.299096,Demanda,peninsular,2020
2020-07-07,780.525085,Demanda,peninsular,2020
2020-07-08,784.56699,Demanda,peninsular,2020
2020-07-09,771.1258909999999,Demanda,peninsular,2020
2020-07-10,758.878105,Demanda,peninsular,2020
2020-07-11,690.6977340000001,Demanda,peninsular,2020
2020-07-12,633.135072,Demanda,peninsular,2020
2020-07-13,752.649491,Demanda,peninsular,2020
2020-07-14,760.459038,Demanda,peninsular,2020
2020-07-15,756.753738,Demanda,peninsular,2020
2020-07-16,763.067312,Demanda,peninsular,2020
2020-07-17,760.177205,Demanda,peninsular,2020
2020-07-18,688.716516,Demanda,peninsular,2020
2020-07-19,644.522223,Demanda,peninsular,2020
2020-07-20,769.33038,Demanda,peninsular,2020
2020-07-21,785.563684,Demanda,peninsular,2020
2020-07-22,776.667953,Demanda,peninsular,2020
2020-07-23,789.63451,Demanda,peninsular,2020
2020-07-24,789.08965,Demanda,peninsular,2020
2020-07-25,704.273245,Demanda,peninsular,2020
2020-07-26,664.179618,Demanda,peninsular,2020
2020-07-27,794.291764,Demanda,peninsular,2020
2020-07-28,814.337543,Demanda,peninsular,2020
2020-07-29,817.4875470000001,Demanda,peninsular,2020
2020-07-30,825.275946,Demanda,peninsular,2020
2020-07-31,810.169058,Demanda,peninsular,2020
2020-08-01,738.2691530000001,Demanda,peninsular,2020
2020-08-02,673.895707,Demanda,peninsular,2020
2020-08-03,747.511864,Demanda,peninsular,2020
2020-08-04,751.1237600000001,Demanda,peninsular,2020
2020-08-05,764.126717,Demanda,peninsular,2020
2020-08-06,776.466924,Demanda,peninsular,2020
2020-08-07,775.393905,Demanda,peninsular,2020
2020-08-08,700.782169,Demanda,peninsular,2020
2020-08-09,657.269503,Demanda,peninsular,2020
2020-08-10,738.0689610000001,Demanda,peninsular,2020
2020-08-11,734.50001,Demanda,peninsular,2020
2020-08-12,712.418386,Demanda,peninsular,2020
2020-08-13,716.219241,Demanda,peninsular,2020
2020-08-14,710.586003,Demanda,peninsular,2020
2020-08-15,631.2936169999999,Demanda,peninsular,2020
2020-08-16,591.6626,Demanda,peninsular,2020
2020-08-17,683.923907,Demanda,peninsular,2020
2020-08-18,708.888916,Demanda,peninsular,2020
2020-08-19,725.675863,Demanda,peninsular,2020
2020-08-20,729.676986,Demanda,peninsular,2020
2020-08-21,739.0805740000001,Demanda,peninsular,2020
2020-08-22,676.812548,Demanda,peninsular,2020
2020-08-23,625.384861,Demanda,peninsular,2020
2020-08-24,733.320649,Demanda,peninsular,2020
2020-08-25,772.384724,Demanda,peninsular,2020
2020-08-26,791.658289,Demanda,peninsular,2020
2020-08-27,797.8907539999999,Demanda,peninsular,2020
2020-08-28,773.438841,Demanda,peninsular,2020
2020-08-29,635.866109,Demanda,peninsular,2020
2020-08-30,572.3108980000001,Demanda,peninsular,2020
2020-08-31,679.208909,Demanda,peninsular,2020
2020-09-01,700.209044,Demanda,peninsular,2020
2020-09-02,711.095786,Demanda,peninsular,2020
2020-09-03,719.00512,Demanda,peninsular,2020
2020-09-04,724.580748,Demanda,peninsular,2020
2020-09-05,653.584402,Demanda,peninsular,2020
2020-09-06,604.081335,Demanda,peninsular,2020
2020-09-07,696.258312,Demanda,peninsular,2020
2020-09-08,698.100318,Demanda,peninsular,2020
2020-09-09,718.0849350000001,Demanda,peninsular,2020
2020-09-10,721.372797,Demanda,peninsular,2020
2020-09-11,698.312958,Demanda,peninsular,2020
2020-09-12,649.1655509999999,Demanda,peninsular,2020
2020-09-13,605.4915579999999,Demanda,peninsular,2020
2020-09-14,718.980488,Demanda,peninsular,2020
2020-09-15,740.288273,Demanda,peninsular,2020
2020-09-16,751.5567169999999,Demanda,peninsular,2020
2020-09-17,740.7607830000001,Demanda,peninsular,2020
2020-09-18,713.829456,Demanda,peninsular,2020
2020-09-19,627.3284080000001,Demanda,peninsular,2020
2020-09-20,574.171087,Demanda,peninsular,2020
2020-09-21,683.416711,Demanda,peninsular,2020
2020-09-22,703.840984,Demanda,peninsular,2020
2020-09-23,712.811873,Demanda,peninsular,2020
2020-09-24,712.997199,Demanda,peninsular,2020
2020-09-25,691.7896890000001,Demanda,peninsular,2020
2020-09-26,614.3099719999999,Demanda,peninsular,2020
2020-09-27,568.7665649999999,Demanda,peninsular,2020
2020-09-28,666.55906,Demanda,peninsular,2020
2020-09-29,686.7970429999999,Demanda,peninsular,2020
2020-09-30,690.962671,Demanda,peninsular,2020
2020-10-01,700.9167319999999,Demanda,peninsular,2020
2020-10-02,698.403756,Demanda,peninsular,2020
2020-10-03,612.1690500000001,Demanda,peninsular,2020
2020-10-04,571.636922,Demanda,peninsular,2020
2020-10-05,673.48222,Demanda,peninsular,2020
2020-10-06,690.8948959999999,Demanda,peninsular,2020
2020-10-07,699.613798,Demanda,peninsular,2020
2020-10-08,699.215554,Demanda,peninsular,2020
2020-10-09,679.813517,Demanda,peninsular,2020
2020-10-10,614.3319620000001,Demanda,peninsular,2020
2020-10-11,563.490862,Demanda,peninsular,2020
2020-10-12,570.701026,Demanda,peninsular,2020
2020-10-13,673.7846870000001,Demanda,peninsular,2020
2020-10-14,703.005757,Demanda,peninsular,2020
2020-10-15,709.578141,Demanda,peninsular,2020
2020-10-16,704.019681,Demanda,peninsular,2020
2020-10-17,631.928375,Demanda,peninsular,2020
2020-10-18,583.351177,Demanda,peninsular,2020
2020-10-19,687.1524129999999,Demanda,peninsular,2020
2020-10-20,711.7149000000001,Demanda,peninsular,2020
2020-10-21,707.162568,Demanda,peninsular,2020
2020-10-22,710.357203,Demanda,peninsular,2020
2020-10-23,696.843426,Demanda,peninsular,2020
2020-10-24,625.382417,Demanda,peninsular,2020
2020-10-25,606.3079690000001,Demanda,peninsular,2020
2020-10-26,689.553095,Demanda,peninsular,2020
2020-10-27,714.662582,Demanda,peninsular,2020
2020-10-28,715.705336,Demanda,peninsular,2020
2020-10-29,715.28416,Demanda,peninsular,2020
2020-10-30,704.726127,Demanda,peninsular,2020
2020-10-31,628.294896,Demanda,peninsular,2020
2020-11-01,575.0750280000001,Demanda,peninsular,2020
2020-11-02,647.094468,Demanda,peninsular,2020
2020-11-03,706.154584,Demanda,peninsular,2020
2020-11-04,728.814878,Demanda,peninsular,2020
2020-11-05,724.7667560000001,Demanda,peninsular,2020
2020-11-06,710.624719,Demanda,peninsular,2020
2020-11-07,635.069873,Demanda,peninsular,2020
2020-11-08,585.653269,Demanda,peninsular,2020
2020-11-09,688.061521,Demanda,peninsular,2020
2020-11-10,711.586135,Demanda,peninsular,2020
2020-11-11,718.1732939999999,Demanda,peninsular,2020
2020-11-12,717.8806310000001,Demanda,peninsular,2020
2020-11-13,713.2649690000001,Demanda,peninsular,2020
2020-11-14,641.465596,Demanda,peninsular,2020
2020-11-15,585.947032,Demanda,peninsular,2020
2020-11-16,693.2366800000001,Demanda,peninsular,2020
2020-11-17,712.86251,Demanda,peninsular,2020
2020-11-18,718.214566,Demanda,peninsular,2020
2020-11-19,718.299945,Demanda,peninsular,2020
2020-11-20,716.666871,Demanda,peninsular,2020
2020-11-21,645.094568,Demanda,peninsular,2020
2020-11-22,605.990942,Demanda,peninsular,2020
2020-11-23,728.1889520000001,Demanda,peninsular,2020
2020-11-24,757.498853,Demanda,peninsular,2020
2020-11-25,765.26818,Demanda,peninsular,2020
2020-11-26,766.690677,Demanda,peninsular,2020
2020-11-27,751.4898199999999,Demanda,peninsular,2020
2020-11-28,667.6277210000001,Demanda,peninsular,2020
2020-11-29,624.7317730000001,Demanda,peninsular,2020
2020-11-30,737.071712,Demanda,peninsular,2020
2020-12-01,753.620849,Demanda,peninsular,2020
2020-12-02,768.634956,Demanda,peninsular,2020
2020-12-03,784.315168,Demanda,peninsular,2020
2020-12-04,790.382104,Demanda,peninsular,2020
2020-12-05,723.62758,Demanda,peninsular,2020
2020-12-06,676.303,Demanda,peninsular,2020
2020-12-07,712.6566019999999,Demanda,peninsular,2020
2020-12-08,693.4332929999999,Demanda,peninsular,2020
2020-12-09,804.0188059999999,Demanda,peninsular,2020
2020-12-10,807.7716949999999,Demanda,peninsular,2020
2020-12-11,783.7662929999999,Demanda,peninsular,2020
2020-12-12,686.5101609999999,Demanda,peninsular,2020
2020-12-13,644.286586,Demanda,peninsular,2020
2020-12-14,759.517717,Demanda,peninsular,2020
2020-12-15,766.794634,Demanda,peninsular,2020
2020-12-16,780.348751,Demanda,peninsular,2020
2020-12-17,778.470844,Demanda,peninsular,2020
2020-12-18,776.174524,Demanda,peninsular,2020
2020-12-19,697.9458079999999,Demanda,peninsular,2020
2020-12-20,646.840581,Demanda,peninsular,2020
2020-12-21,750.4068199999999,Demanda,peninsular,2020
2020-12-22,750.081066,Demanda,peninsular,2020
2020-12-23,727.7066239999999,Demanda,peninsular,2020
2020-12-24,643.648623,Demanda,peninsular,2020
2020-12-25,570.771924,Demanda,peninsular,2020
2020-12-26,635.755792,Demanda,peninsular,2020
2020-12-27,646.6995459999999,Demanda,peninsular,2020
2020-12-28,724.357078,Demanda,peninsular,2020
2020-12-29,732.115459,Demanda,peninsular,2020
2020-12-30,734.2831239999999,Demanda,peninsular,2020
2020-12-31,687.715588,Demanda,peninsular,2020
2021-01-01,608.715931,Demanda,peninsular,2021
2021-01-02,680.432407,Demanda,peninsular,2021
2021-01-03,684.489215,Demanda,peninsular,2021
2021-01-04,793.625993,Demanda,peninsular,2021
2021-01-05,806.5881559999999,Demanda,peninsular,2021
2021-01-06,700.1445640000001,Demanda,peninsular,2021
2021-01-07,854.323166,Demanda,peninsular,2021
2021-01-08,872.357353,Demanda,peninsular,2021
2021-01-09,773.2969790000001,Demanda,peninsular,2021
2021-01-10,735.647962,Demanda,peninsular,2021
2021-01-11,851.740825,Demanda,peninsular,2021
2021-01-12,875.118684,Demanda,peninsular,2021
2021-01-13,874.914272,Demanda,peninsular,2021
2021-01-14,873.57723,Demanda,peninsular,2021
2021-01-15,859.3557950000001,Demanda,peninsular,2021
2021-01-16,765.002342,Demanda,peninsular,2021
2021-01-17,708.974301,Demanda,peninsular,2021
2021-01-18,827.619581,Demanda,peninsular,2021
2021-01-19,846.116609,Demanda,peninsular,2021
2021-01-20,850.299079,Demanda,peninsular,2021
2021-01-21,817.647661,Demanda,peninsular,2021
2021-01-22,794.514658,Demanda,peninsular,2021
2021-01-23,719.5108290000001,Demanda,peninsular,2021
2021-01-24,655.028547,Demanda,peninsular,2021
2021-01-25,775.155263,Demanda,peninsular,2021
2021-01-26,770.7961019999999,Demanda,peninsular,2021
2021-01-27,753.3216199999999,Demanda,peninsular,2021
2021-01-28,744.101186,Demanda,peninsular,2021
2021-01-29,733.183947,Demanda,peninsular,2021
2021-01-30,672.206563,Demanda,peninsular,2021
2021-01-31,631.678074,Demanda,peninsular,2021
2021-02-01,725.30841,Demanda,peninsular,2021
2021-02-02,742.016165,Demanda,peninsular,2021
2021-02-03,744.032692,Demanda,peninsular,2021
2021-02-04,742.410917,Demanda,peninsular,2021
2021-02-05,742.180511,Demanda,peninsular,2021
2021-02-06,673.2028889999999,Demanda,peninsular,2021
2021-02-07,635.1844279999999,Demanda,peninsular,2021
2021-02-08,757.811118,Demanda,peninsular,2021
2021-02-09,789.35766,Demanda,peninsular,2021
2021-02-10,767.889956,Demanda,peninsular,2021
2021-02-11,757.9492240000001,Demanda,peninsular,2021
2021-02-12,744.94486,Demanda,peninsular,2021
2021-02-13,664.031439,Demanda,peninsular,2021
2021-02-14,627.37764,Demanda,peninsular,2021
2021-02-15,743.811335,Demanda,peninsular,2021
2021-02-16,751.44691,Demanda,peninsular,2021
2021-02-17,752.695056,Demanda,peninsular,2021
2021-02-18,754.962027,Demanda,peninsular,2021
2021-02-19,749.031191,Demanda,peninsular,2021
2021-02-20,667.7854,Demanda,peninsular,2021
2021-02-21,636.8204020000001,Demanda,peninsular,2021
2021-02-22,743.3179620000001,Demanda,peninsular,2021
2021-02-23,750.925914,Demanda,peninsular,2021
2021-02-24,747.390312,Demanda,peninsular,2021
2021-02-25,744.8102719999999,Demanda,peninsular,2021
2021-02-26,740.0174790000001,Demanda,peninsular,2021
2021-02-27,664.2755649999999,Demanda,peninsular,2021
2021-02-28,621.167542,Demanda,peninsular,2021
2021-03-01,730.802101,Demanda,peninsular,2021
2021-03-02,749.835836,Demanda,peninsular,2021
2021-03-03,744.167225,Demanda,peninsular,2021
2021-03-04,740.268037,Demanda,peninsular,2021
2021-03-05,735.72458,Demanda,peninsular,2021
2021-03-06,658.451851,Demanda,peninsular,2021
2021-03-07,622.68566,Demanda,peninsular,2021
2021-03-08,742.93638,Demanda,peninsular,2021
2021-03-09,758.3525189999999,Demanda,peninsular,2021
2021-03-10,750.796647,Demanda,peninsular,2021
2021-03-11,739.481269,Demanda,peninsular,2021
2021-03-12,729.092448,Demanda,peninsular,2021
2021-03-13,646.3014969999999,Demanda,peninsular,2021
2021-03-14,606.5404120000001,Demanda,peninsular,2021
2021-03-15,719.293522,Demanda,peninsular,2021
2021-03-16,732.0050259999999,Demanda,peninsular,2021
2021-03-17,729.775728,Demanda,peninsular,2021
2021-03-18,741.473221,Demanda,peninsular,2021
2021-03-19,706.043651,Demanda,peninsular,2021
2021-03-20,670.4976409999999,Demanda,peninsular,2021
2021-03-21,630.102703,Demanda,peninsular,2021
2021-03-22,735.080366,Demanda,peninsular,2021
2021-03-23,739.4374250000001,Demanda,peninsular,2021
2021-03-24,731.621692,Demanda,peninsular,2021
2021-03-25,726.346417,Demanda,peninsular,2021
2021-03-26,719.331777,Demanda,peninsular,2021
2021-03-27,648.466535,Demanda,peninsular,2021
2021-03-28,571.635074,Demanda,peninsular,2021
2021-03-29,691.559272,Demanda,peninsular,2021
2021-03-30,695.256722,Demanda,peninsular,2021
2021-03-31,679.6876530000001,Demanda,peninsular,2021
2021-04-01,603.780936,Demanda,peninsular,2021
2021-04-02,558.137662,Demanda,peninsular,2021
2021-04-03,577.877662,Demanda,peninsular,2021
2021-04-04,551.346366,Demanda,peninsular,2021
2021-04-05,604.0439250000001,Demanda,peninsular,2021
2021-04-06,678.9370620000001,Demanda,peninsular,2021
2021-04-07,706.832348,Demanda,peninsular,2021
2021-04-08,711.274992,Demanda,peninsular,2021
2021-04-09,713.789777,Demanda,peninsular,2021
2021-04-10,641.31352,Demanda,peninsular,2021
2021-04-11,594.071686,Demanda,peninsular,2021
2021-04-12,692.941728,Demanda,peninsular,2021
2021-04-13,717.396928,Demanda,peninsular,2021
2021-04-14,716.6541850000001,Demanda,peninsular,2021
2021-04-15,722.2387090000001,Demanda,peninsular,2021
2021-04-16,713.5832730000001,Demanda,peninsular,2021
2021-04-17,642.86534,Demanda,peninsular,2021
2021-04-18,593.2931169999999,Demanda,peninsular,2021
2021-04-19,697.833818,Demanda,peninsular,2021
2021-04-20,709.788735,Demanda,peninsular,2021
2021-04-21,710.848815,Demanda,peninsular,2021
2021-04-22,713.242666,Demanda,peninsular,2021
2021-04-23,685.3986779999999,Demanda,peninsular,2021
2021-04-24,620.321236,Demanda,peninsular,2021
2021-04-25,584.849257,Demanda,peninsular,2021
2021-04-26,689.249537,Demanda,peninsular,2021
2021-04-27,703.09256,Demanda,peninsular,2021
2021-04-28,698.342061,Demanda,peninsular,2021
2021-04-29,697.91872,Demanda,peninsular,2021
2021-04-30,688.9565259999999,Demanda,peninsular,2021
2021-05-01,577.472256,Demanda,peninsular,2021
2021-05-02,559.173805,Demanda,peninsular,2021
2021-05-03,667.365198,Demanda,peninsular,2021
2021-05-04,689.998019,Demanda,peninsular,2021
2021-05-05,690.6510999999999,Demanda,peninsular,2021
2021-05-06,689.028329,Demanda,peninsular,2021
2021-05-07,681.3994270000001,Demanda,peninsular,2021
2021-05-08,612.800041,Demanda,peninsular,2021
2021-05-09,573.950672,Demanda,peninsular,2021
2021-05-10,672.5174860000001,Demanda,peninsular,2021
2021-05-11,690.260839,Demanda,peninsular,2021
2021-05-12,696.396062,Demanda,peninsular,2021
2021-05-13,695.282254,Demanda,peninsular,2021
2021-05-14,688.397416,Demanda,peninsular,2021
2021-05-15,622.8635969999999,Demanda,peninsular,2021
2021-05-16,580.57779,Demanda,peninsular,2021
2021-05-17,668.87806,Demanda,peninsular,2021
2021-05-18,696.787021,Demanda,peninsular,2021
2021-05-19,698.169314,Demanda,peninsular,2021
2021-05-20,697.758698,Demanda,peninsular,2021
2021-05-21,691.966356,Demanda,peninsular,2021
2021-05-22,621.6332020000001,Demanda,peninsular,2021
2021-05-23,574.18028,Demanda,peninsular,2021
2021-05-24,659.025584,Demanda,peninsular,2021
2021-05-25,687.45259,Demanda,peninsular,2021
2021-05-26,692.3381430000001,Demanda,peninsular,2021
2021-05-27,694.593137,Demanda,peninsular,2021
2021-05-28,687.21766,Demanda,peninsular,2021
2021-05-29,625.581869,Demanda,peninsular,2021
2021-05-30,579.605519,Demanda,peninsular,2021
2021-05-31,683.32724,Demanda,peninsular,2021
2021-06-01,696.048627,Demanda,peninsular,2021
2021-06-02,700.505017,Demanda,peninsular,2021
2021-06-03,698.600649,Demanda,peninsular,2021
2021-06-04,692.965661,Demanda,peninsular,2021
2021-06-05,622.988965,Demanda,peninsular,2021
2021-06-06,576.7397129999999,Demanda,peninsular,2021
2021-06-07,687.687127,Demanda,peninsular,2021
2021-06-08,719.311181,Demanda,peninsular,2021
2021-06-09,727.9984790000001,Demanda,peninsular,2021
2021-06-10,739.161249,Demanda,peninsular,2021
2021-06-11,732.773334,Demanda,peninsular,2021
2021-06-12,663.407333,Demanda,peninsular,2021
2021-06-13,616.20506,Demanda,peninsular,2021
2021-06-14,737.903439,Demanda,peninsular,2021
2021-06-15,759.440415,Demanda,peninsular,2021
2021-06-16,755.302693,Demanda,peninsular,2021
2021-06-17,732.968196,Demanda,peninsular,2021
2021-06-18,720.62028,Demanda,peninsular,2021
2021-06-19,646.908276,Demanda,peninsular,2021
2021-06-20,594.4443299999999,Demanda,peninsular,2021
2021-06-21,695.3108100000001,Demanda,peninsular,2021
2021-06-22,710.3957419999999,Demanda,peninsular,2021
2021-06-23,701.339201,Demanda,peninsular,2021
2021-06-24,667.378472,Demanda,peninsular,2021
2021-06-25,694.493443,Demanda,peninsular,2021
2021-06-26,651.12108,Demanda,peninsular,2021
2021-06-27,606.935474,Demanda,peninsular,2021
2021-06-28,706.509225,Demanda,peninsular,2021
2021-06-29,727.913028,Demanda,peninsular,2021
2021-06-30,744.980042,Demanda,peninsular,2021
2021-07-01,745.6468229999999,Demanda,peninsular,2021
2021-07-02,751.0719399999999,Demanda,peninsular,2021
2021-07-03,686.746086,Demanda,peninsular,2021
2021-07-04,645.1977870000001,Demanda,peninsular,2021
2021-07-05,756.482667,Demanda,peninsular,2021
2021-07-06,765.5216069999999,Demanda,peninsular,2021
2021-07-07,749.498243,Demanda,peninsular,2021
2021-07-08,743.139951,Demanda,peninsular,2021
2021-07-09,749.3615159999999,Demanda,peninsular,2021
2021-07-10,698.499464,Demanda,peninsular,2021
2021-07-11,662.579088,Demanda,peninsular,2021
2021-07-12,763.113617,Demanda,peninsular,2021
2021-07-13,739.886353,Demanda,peninsular,2021
2021-07-14,742.631422,Demanda,peninsular,2021
2021-07-15,749.381936,Demanda,peninsular,2021
2021-07-16,755.7868020000001,Demanda,peninsular,2021
2021-07-17,703.58958,Demanda,peninsular,2021
2021-07-18,657.129066,Demanda,peninsular,2021
2021-07-19,770.181187,Demanda,peninsular,2021
2021-07-20,786.064039,Demanda,peninsular,2021
2021-07-21,796.392983,Demanda,peninsular,2021
2021-07-22,807.661031,Demanda,peninsular,2021
2021-07-23,801.290966,Demanda,peninsular,2021
2021-07-24,708.875188,Demanda,peninsular,2021
2021-07-25,647.414033,Demanda,peninsular,2021
2021-07-26,741.7888519999999,Demanda,peninsular,2021
2021-07-27,764.664988,Demanda,peninsular,2021
2021-07-28,777.471567,Demanda,peninsular,2021
2021-07-29,786.049111,Demanda,peninsular,2021
2021-07-30,780.535725,Demanda,peninsular,2021
2021-07-31,688.6021430000001,Demanda,peninsular,2021
2021-08-01,610.030071,Demanda,peninsular,2021
2021-08-02,692.2965389999999,Demanda,peninsular,2021
2021-08-03,716.478894,Demanda,peninsular,2021
2021-08-04,726.92959,Demanda,peninsular,2021
2021-08-05,737.222091,Demanda,peninsular,2021
2021-08-06,733.401456,Demanda,peninsular,2021
2021-08-07,676.412684,Demanda,peninsular,2021
2021-08-08,615.00122,Demanda,peninsular,2021
2021-08-09,688.277519,Demanda,peninsular,2021
2021-08-10,712.411101,Demanda,peninsular,2021
2021-08-11,735.9656650000001,Demanda,peninsular,2021
2021-08-12,755.611095,Demanda,peninsular,2021
2021-08-13,762.760446,Demanda,peninsular,2021
2021-08-14,734.160936,Demanda,peninsular,2021
2021-08-15,692.7508780000001,Demanda,peninsular,2021
2021-08-16,734.676191,Demanda,peninsular,2021
2021-08-17,734.157383,Demanda,peninsular,2021
2021-08-18,729.6624889999999,Demanda,peninsular,2021
2021-08-19,723.091039,Demanda,peninsular,2021
2021-08-20,723.16805,Demanda,peninsular,2021
2021-08-21,680.1778850000001,Demanda,peninsular,2021
2021-08-22,642.5478860000001,Demanda,peninsular,2021
2021-08-23,740.216309,Demanda,peninsular,2021
2021-08-24,749.61014,Demanda,peninsular,2021
2021-08-25,738.207487,Demanda,peninsular,2021
2021-08-26,746.460103,Demanda,peninsular,2021
2021-08-27,752.000087,Demanda,peninsular,2021
2021-08-28,680.131728,Demanda,peninsular,2021
2021-08-29,625.714882,Demanda,peninsular,2021
2021-08-30,722.450384,Demanda,peninsular,2021
2021-08-31,747.811051,Demanda,peninsular,2021
2021-09-01,746.405192,Demanda,peninsular,2021
2021-09-02,733.2948279999999,Demanda,peninsular,2021
2021-09-03,731.068102,Demanda,peninsular,2021
2021-09-04,661.105572,Demanda,peninsular,2021
2021-09-05,625.9475060000001,Demanda,peninsular,2021
2021-09-06,750.941319,Demanda,peninsular,2021
2021-09-07,778.331589,Demanda,peninsular,2021
2021-09-08,758.832979,Demanda,peninsular,2021
2021-09-09,759.765067,Demanda,peninsular,2021
2021-09-10,743.10971,Demanda,peninsular,2021
2021-09-11,664.0345189999999,Demanda,peninsular,2021
2021-09-12,624.4711729999999,Demanda,peninsular,2021
2021-09-13,730.599845,Demanda,peninsular,2021
2021-09-14,744.88997,Demanda,peninsular,2021
2021-09-15,740.6555960000001,Demanda,peninsular,2021
2021-09-16,726.396632,Demanda,peninsular,2021
2021-09-17,714.163921,Demanda,peninsular,2021
2021-09-18,639.4929000000001,Demanda,peninsular,2021
2021-09-19,588.0682780000001,Demanda,peninsular,2021
2021-09-20,692.113328,Demanda,peninsular,2021
2021-09-21,696.7757369999999,Demanda,peninsular,2021
2021-09-22,701.743975,Demanda,peninsular,2021
2021-09-23,704.5458140000001,Demanda,peninsular,2021
2021-09-24,697.179551,Demanda,peninsular,2021
2021-09-25,631.054818,Demanda,peninsular,2021
2021-09-26,582.860409,Demanda,peninsular,2021
2021-09-27,686.152044,Demanda,peninsular,2021
2021-09-28,706.3054549999999,Demanda,peninsular,2021
2021-09-29,710.1123980000001,Demanda,peninsular,2021
2021-09-30,702.537831,Demanda,peninsular,2021
2021-10-01,692.944543,Demanda,peninsular,2021
2021-10-02,630.287998,Demanda,peninsular,2021
2021-10-03,585.69262,Demanda,peninsular,2021
2021-10-04,665.592111,Demanda,peninsular,2021
2021-10-05,681.2847539999999,Demanda,peninsular,2021
2021-10-06,695.359374,Demanda,peninsular,2021
2021-10-07,689.344379,Demanda,peninsular,2021
2021-10-08,685.1098129999999,Demanda,peninsular,2021
2021-10-09,612.730729,Demanda,peninsular,2021
2021-10-10,568.730598,Demanda,peninsular,2021
2021-10-11,615.6411850000001,Demanda,peninsular,2021
2021-10-12,577.417811,Demanda,peninsular,2021
2021-10-13,668.727443,Demanda,peninsular,2021
2021-10-14,682.5967589999999,Demanda,peninsular,2021
2021-10-15,681.763233,Demanda,peninsular,2021
2021-10-16,616.067047,Demanda,peninsular,2021
2021-10-17,573.616151,Demanda,peninsular,2021
2021-10-18,675.467776,Demanda,peninsular,2021
2021-10-19,692.280722,Demanda,peninsular,2021
2021-10-20,693.103655,Demanda,peninsular,2021
2021-10-21,688.4803149999999,Demanda,peninsular,2021
2021-10-22,682.264745,Demanda,peninsular,2021
2021-10-23,612.0187090000001,Demanda,peninsular,2021
2021-10-24,571.138872,Demanda,peninsular,2021
2021-10-25,670.783825,Demanda,peninsular,2021
2021-10-26,692.31942,Demanda,peninsular,2021
2021-10-27,689.359293,Demanda,peninsular,2021
2021-10-28,691.1472650000001,Demanda,peninsular,2021
2021-10-29,692.264935,Demanda,peninsular,2021
2021-10-30,626.694705,Demanda,peninsular,2021
2021-10-31,597.2471859999999,Demanda,peninsular,2021
2021-11-01,576.3677439999999,Demanda,peninsular,2021
2021-11-02,674.854716,Demanda,peninsular,2021
2021-11-03,695.2352659999999,Demanda,peninsular,2021
2021-11-04,705.890141,Demanda,peninsular,2021
2021-11-05,717.19316,Demanda,peninsular,2021
2021-11-06,655.441422,Demanda,peninsular,2021
2021-11-07,616.104014,Demanda,peninsular,2021
2021-11-08,716.917625,Demanda,peninsular,2021
2021-11-09,728.0031339999999,Demanda,peninsular,2021
2021-11-10,737.414445,Demanda,peninsular,2021
2021-11-11,738.439482,Demanda,peninsular,2021
2021-11-12,731.746944,Demanda,peninsular,2021
2021-11-13,652.720566,Demanda,peninsular,2021
2021-11-14,612.965856,Demanda,peninsular,2021
2021-11-15,725.7026800000001,Demanda,peninsular,2021
2021-11-16,748.837812,Demanda,peninsular,2021
2021-11-17,753.6891069999999,Demanda,peninsular,2021
2021-11-18,755.571919,Demanda,peninsular,2021
2021-11-19,746.4489120000001,Demanda,peninsular,2021
2021-11-20,674.480947,Demanda,peninsular,2021
2021-11-21,622.5045670000001,Demanda,peninsular,2021
2021-11-22,744.436995,Demanda,peninsular,2021
2021-11-23,774.690327,Demanda,peninsular,2021
2021-11-24,786.755043,Demanda,peninsular,2021
2021-11-25,787.163875,Demanda,peninsular,2021
2021-11-26,781.000985,Demanda,peninsular,2021
2021-11-27,716.586063,Demanda,peninsular,2021
2021-11-28,685.695321,Demanda,peninsular,2021
2021-11-29,782.1279549999999,Demanda,peninsular,2021
2021-11-30,788.505669,Demanda,peninsular,2021
2021-12-01,797.141836,Demanda,peninsular,2021
2021-12-02,800.1944350000001,Demanda,peninsular,2021
2021-12-03,790.8114969999999,Demanda,peninsular,2021
2021-12-04,711.448518,Demanda,peninsular,2021
2021-12-05,660.5806650000001,Demanda,peninsular,2021
2021-12-06,667.1958460000001,Demanda,peninsular,2021
2021-12-07,710.588895,Demanda,peninsular,2021
2021-12-08,684.008281,Demanda,peninsular,2021
2021-12-09,782.066188,Demanda,peninsular,2021
2021-12-10,776.257295,Demanda,peninsular,2021
2021-12-11,692.242959,Demanda,peninsular,2021
2021-12-12,644.6789640000001,Demanda,peninsular,2021
2021-12-13,758.492556,Demanda,peninsular,2021
2021-12-14,783.3417360000001,Demanda,peninsular,2021
2021-12-15,787.1938739999999,Demanda,peninsular,2021
2021-12-16,792.100159,Demanda,peninsular,2021
2021-12-17,783.162446,Demanda,peninsular,2021
2021-12-18,706.20551,Demanda,peninsular,2021
2021-12-19,660.6288619999999,Demanda,peninsular,2021
2021-12-20,771.478461,Demanda,peninsular,2021
2021-12-21,772.523695,Demanda,peninsular,2021
2021-12-22,757.320524,Demanda,peninsular,2021
2021-12-23,729.0895019999999,Demanda,peninsular,2021
2021-12-24,637.631538,Demanda,peninsular,2021
2021-12-25,547.513015,Demanda,peninsular,2021
2021-12-26,582.595459,Demanda,peninsular,2021
2021-12-27,657.559283,Demanda,peninsular,2021
2021-12-28,663.701614,Demanda,peninsular,2021
2021-12-29,657.200732,Demanda,peninsular,2021
2021-12-30,653.6023730000001,Demanda,peninsular,2021
2021-12-31,611.387919,Demanda,peninsular,2021
2022-01-01,535.144786,Demanda,peninsular,2022
2022-01-02,578.855186,Demanda,peninsular,2022
2022-01-03,691.970774,Demanda,peninsular,2022
2022-01-04,718.047874,Demanda,peninsular,2022
2022-01-05,715.070234,Demanda,peninsular,2022
2022-01-06,617.9363510000001,Demanda,peninsular,2022
2022-01-07,703.00457,Demanda,peninsular,2022
2022-01-08,686.615314,Demanda,peninsular,2022
2022-01-09,657.0999039999999,Demanda,peninsular,2022
2022-01-10,756.621212,Demanda,peninsular,2022
2022-01-11,771.7110779999999,Demanda,peninsular,2022
2022-01-12,777.310213,Demanda,peninsular,2022
2022-01-13,788.5722830000001,Demanda,peninsular,2022
2022-01-14,796.150956,Demanda,peninsular,2022
2022-01-15,717.1641430000001,Demanda,peninsular,2022
2022-01-16,672.3810679999999,Demanda,peninsular,2022
2022-01-17,790.794183,Demanda,peninsular,2022
2022-01-18,809.453033,Demanda,peninsular,2022
2022-01-19,813.885767,Demanda,peninsular,2022
2022-01-20,813.8411040000001,Demanda,peninsular,2022
2022-01-21,812.933383,Demanda,peninsular,2022
2022-01-22,728.5318860000001,Demanda,peninsular,2022
2022-01-23,681.487178,Demanda,peninsular,2022
2022-01-24,800.222601,Demanda,peninsular,2022
2022-01-25,803.957158,Demanda,peninsular,2022
2022-01-26,800.205701,Demanda,peninsular,2022
2022-01-27,794.878473,Demanda,peninsular,2022
2022-01-28,786.143822,Demanda,peninsular,2022
2022-01-29,698.9690159999999,Demanda,peninsular,2022
2022-01-30,648.503898,Demanda,peninsular,2022
2022-01-31,761.8327830000001,Demanda,peninsular,2022
2022-02-01,774.260763,Demanda,peninsular,2022
2022-02-02,762.494554,Demanda,peninsular,2022
2022-02-03,760.780897,Demanda,peninsular,2022
2022-02-04,756.8966409999999,Demanda,peninsular,2022
2022-02-05,682.674839,Demanda,peninsular,2022
2022-02-06,635.24708,Demanda,peninsular,2022
2022-02-07,746.724421,Demanda,peninsular,2022
2022-02-08,756.6787240000001,Demanda,peninsular,2022
2022-02-09,755.748252,Demanda,peninsular,2022
2022-02-10,762.082393,Demanda,peninsular,2022
2022-02-11,754.633793,Demanda,peninsular,2022
2022-02-12,679.947691,Demanda,peninsular,2022
2022-02-13,635.7765280000001,Demanda,peninsular,2022
2022-02-14,741.71903,Demanda,peninsular,2022
2022-02-15,759.124039,Demanda,peninsular,2022
2022-02-16,758.26598,Demanda,peninsular,2022
2022-02-17,744.05002,Demanda,peninsular,2022
2022-02-18,735.4270479999999,Demanda,peninsular,2022
2022-02-19,677.9925579999999,Demanda,peninsular,2022
2022-02-20,628.491111,Demanda,peninsular,2022
2022-02-21,726.59717,Demanda,peninsular,2022
2022-02-22,734.120281,Demanda,peninsular,2022
2022-02-23,732.237567,Demanda,peninsular,2022
2022-02-24,736.907737,Demanda,peninsular,2022
2022-02-25,742.820885,Demanda,peninsular,2022
2022-02-26,670.693047,Demanda,peninsular,2022
2022-02-27,618.013898,Demanda,peninsular,2022
2022-02-28,697.748424,Demanda,peninsular,2022
2022-03-01,722.629686,Demanda,peninsular,2022
2022-03-02,735.689298,Demanda,peninsular,2022
2022-03-03,742.779369,Demanda,peninsular,2022
2022-03-04,743.386909,Demanda,peninsular,2022
2022-03-05,660.787324,Demanda,peninsular,2022
2022-03-06,620.2514719999999,Demanda,peninsular,2022
2022-03-07,732.4931330000001,Demanda,peninsular,2022
2022-03-08,735.113962,Demanda,peninsular,2022
2022-03-09,726.757341,Demanda,peninsular,2022
2022-03-10,722.215252,Demanda,peninsular,2022
2022-03-11,731.329705,Demanda,peninsular,2022
2022-03-12,642.182296,Demanda,peninsular,2022
2022-03-13,593.322595,Demanda,peninsular,2022
2022-03-14,726.3644429999999,Demanda,peninsular,2022
2022-03-15,727.2516459999999,Demanda,peninsular,2022
2022-03-16,728.889512,Demanda,peninsular,2022
2022-03-17,726.4253050000001,Demanda,peninsular,2022
2022-03-18,704.8330119999999,Demanda,peninsular,2022
2022-03-19,624.061488,Demanda,peninsular,2022
2022-03-20,591.749465,Demanda,peninsular,2022
2022-03-21,698.5503050000001,Demanda,peninsular,2022
2022-03-22,717.641,Demanda,peninsular,2022
2022-03-23,719.548211,Demanda,peninsular,2022
2022-03-24,725.071963,Demanda,peninsular,2022
2022-03-25,706.7664520000001,Demanda,peninsular,2022
2022-03-26,631.663488,Demanda,peninsular,2022
2022-03-27,554.0561580000001,Demanda,peninsular,2022
2022-03-28,677.673545,Demanda,peninsular,2022
2022-03-29,692.972303,Demanda,peninsular,2022
2022-03-30,707.690926,Demanda,peninsular,2022
2022-03-31,705.601198,Demanda,peninsular,2022
2022-04-01,710.892602,Demanda,peninsular,2022
2022-04-02,645.549332,Demanda,peninsular,2022
2022-04-03,613.758289,Demanda,peninsular,2022
2022-04-04,744.1001530000001,Demanda,peninsular,2022
2022-04-05,762.7291389999999,Demanda,peninsular,2022
2022-04-06,744.533256,Demanda,peninsular,2022
2022-04-07,722.876934,Demanda,peninsular,2022
2022-04-08,707.077849,Demanda,peninsular,2022
2022-04-09,621.527143,Demanda,peninsular,2022
2022-04-10,574.8097560000001,Demanda,peninsular,2022
2022-04-11,667.783117,Demanda,peninsular,2022
2022-04-12,687.2516189999999,Demanda,peninsular,2022
2022-04-13,685.3631790000001,Demanda,peninsular,2022
2022-04-14,585.21051,Demanda,peninsular,2022
2022-04-15,536.448535,Demanda,peninsular,2022
2022-04-16,551.086712,Demanda,peninsular,2022
2022-04-17,527.2578490000001,Demanda,peninsular,2022
2022-04-18,580.33576,Demanda,peninsular,2022
2022-04-19,657.8258149999999,Demanda,peninsular,2022
2022-04-20,698.469112,Demanda,peninsular,2022
2022-04-21,697.710847,Demanda,peninsular,2022
2022-04-22,695.63789,Demanda,peninsular,2022
2022-04-23,628.779932,Demanda,peninsular,2022
2022-04-24,571.994039,Demanda,peninsular,2022
2022-04-25,654.7144549999999,Demanda,peninsular,2022
2022-04-26,677.540715,Demanda,peninsular,2022
2022-04-27,687.613611,Demanda,peninsular,2022
2022-04-28,688.510063,Demanda,peninsular,2022
2022-04-29,669.0223669999999,Demanda,peninsular,2022
2022-04-30,592.600643,Demanda,peninsular,2022
2022-05-01,528.390929,Demanda,peninsular,2022
2022-05-02,614.138744,Demanda,peninsular,2022
2022-05-03,677.3924989999999,Demanda,peninsular,2022
2022-05-04,687.3154350000001,Demanda,peninsular,2022
2022-05-05,680.762673,Demanda,peninsular,2022
2022-05-06,668.5976380000001,Demanda,peninsular,2022
2022-05-07,596.496276,Demanda,peninsular,2022
2022-05-08,550.457934,Demanda,peninsular,2022
2022-05-09,650.598557,Demanda,peninsular,2022
2022-05-10,673.774152,Demanda,peninsular,2022
2022-05-11,678.560086,Demanda,peninsular,2022
2022-05-12,683.9813029999999,Demanda,peninsular,2022
2022-05-13,678.906624,Demanda,peninsular,2022
2022-05-14,613.4713449999999,Demanda,peninsular,2022
2022-05-15,565.340711,Demanda,peninsular,2022
2022-05-16,658.6062340000001,Demanda,peninsular,2022
2022-05-17,689.1595679999999,Demanda,peninsular,2022
2022-05-18,701.7015799999999,Demanda,peninsular,2022
2022-05-19,716.668676,Demanda,peninsular,2022
2022-05-20,714.896579,Demanda,peninsular,2022
2022-05-21,645.687218,Demanda,peninsular,2022
2022-05-22,591.016568,Demanda,peninsular,2022
2022-05-23,692.293672,Demanda,peninsular,2022
2022-05-24,699.490143,Demanda,peninsular,2022
2022-05-25,683.2039139999999,Demanda,peninsular,2022
2022-05-26,688.9245990000001,Demanda,peninsular,2022
2022-05-27,691.1676580000001,Demanda,peninsular,2022
2022-05-28,628.739734,Demanda,peninsular,2022
2022-05-29,579.5047079999999,Demanda,peninsular,2022
2022-05-30,672.096948,Demanda,peninsular,2022
2022-05-31,699.889965,Demanda,peninsular,2022
2022-06-01,709.6606489999999,Demanda,peninsular,2022
2022-06-02,714.0961110000001,Demanda,peninsular,2022
2022-06-03,711.4604989999999,Demanda,peninsular,2022
2022-06-04,632.752836,Demanda,peninsular,2022
2022-06-05,583.681514,Demanda,peninsular,2022
2022-06-06,671.690704,Demanda,peninsular,2022
2022-06-07,720.8173519999999,Demanda,peninsular,2022
2022-06-08,734.652173,Demanda,peninsular,2022
2022-06-09,740.426075,Demanda,peninsular,2022
2022-06-10,740.712627,Demanda,peninsular,2022
2022-06-11,678.773887,Demanda,peninsular,2022
2022-06-12,633.281978,Demanda,peninsular,2022
2022-06-13,758.638075,Demanda,peninsular,2022
2022-06-14,798.691052,Demanda,peninsular,2022
2022-06-15,816.499073,Demanda,peninsular,2022
2022-06-16,810.3748830000001,Demanda,peninsular,2022
2022-06-17,807.731237,Demanda,peninsular,2022
2022-06-18,721.87437,Demanda,peninsular,2022
2022-06-19,639.567443,Demanda,peninsular,2022
2022-06-20,746.482216,Demanda,peninsular,2022
2022-06-21,754.336941,Demanda,peninsular,2022
2022-06-22,735.366573,Demanda,peninsular,2022
2022-06-23,712.2445180000001,Demanda,peninsular,2022
2022-06-24,658.1052709999999,Demanda,peninsular,2022
2022-06-25,634.796661,Demanda,peninsular,2022
2022-06-26,597.1201110000001,Demanda,peninsular,2022
2022-06-27,697.550971,Demanda,peninsular,2022
2022-06-28,717.423769,Demanda,peninsular,2022
2022-06-29,727.046257,Demanda,peninsular,2022
2022-06-30,724.4907830000001,Demanda,peninsular,2022
2022-07-01,714.296439,Demanda,peninsular,2022
2022-07-02,664.621873,Demanda,peninsular,2022
2022-07-03,628.386931,Demanda,peninsular,2022
2022-07-04,734.811021,Demanda,peninsular,2022
2022-07-05,766.576117,Demanda,peninsular,2022
2022-07-06,763.81516,Demanda,peninsular,2022
2022-07-07,756.0286990000001,Demanda,peninsular,2022
2022-07-08,760.229022,Demanda,peninsular,2022
2022-07-09,692.3903220000001,Demanda,peninsular,2022
2022-07-10,652.462732,Demanda,peninsular,2022
2022-07-11,781.3235540000001,Demanda,peninsular,2022
2022-07-12,811.270388,Demanda,peninsular,2022
2022-07-13,827.8702149999999,Demanda,peninsular,2022
2022-07-14,836.258259,Demanda,peninsular,2022
2022-07-15,831.8563710000001,Demanda,peninsular,2022
2022-07-16,748.6792610000001,Demanda,peninsular,2022
2022-07-17,698.6660509999999,Demanda,peninsular,2022
2022-07-18,822.023508,Demanda,peninsular,2022
2022-07-19,823.558586,Demanda,peninsular,2022
2022-07-20,823.283426,Demanda,peninsular,2022
2022-07-21,836.7279030000001,Demanda,peninsular,2022
2022-07-22,831.424411,Demanda,peninsular,2022
2022-07-23,735.091226,Demanda,peninsular,2022
2022-07-24,687.821417,Demanda,peninsular,2022
2022-07-25,787.876394,Demanda,peninsular,2022
2022-07-26,824.187447,Demanda,peninsular,2022
2022-07-27,806.232992,Demanda,peninsular,2022
2022-07-28,800.376722,Demanda,peninsular,2022
2022-07-29,793.9922349999999,Demanda,peninsular,2022
2022-07-30,718.385467,Demanda,peninsular,2022
2022-07-31,675.415017,Demanda,peninsular,2022
2022-08-01,782.866189,Demanda,peninsular,2022
2022-08-02,800.0308279999999,Demanda,peninsular,2022
2022-08-03,795.863729,Demanda,peninsular,2022
2022-08-04,789.564733,Demanda,peninsular,2022
2022-08-05,772.886414,Demanda,peninsular,2022
2022-08-06,699.119098,Demanda,peninsular,2022
2022-08-07,647.889366,Demanda,peninsular,2022
2022-08-08,727.811301,Demanda,peninsular,2022
2022-08-09,745.979959,Demanda,peninsular,2022
2022-08-10,754.636552,Demanda,peninsular,2022
2022-08-11,750.8439420000001,Demanda,peninsular,2022
2022-08-12,750.786746,Demanda,peninsular,2022
2022-08-13,698.246392,Demanda,peninsular,2022
2022-08-14,629.884456,Demanda,peninsular,2022
2022-08-15,622.6600159999999,Demanda,peninsular,2022
2022-08-16,680.755938,Demanda,peninsular,2022
2022-08-17,677.139664,Demanda,peninsular,2022
2022-08-18,659.3302610000001,Demanda,peninsular,2022
2022-08-19,661.916618,Demanda,peninsular,2022
2022-08-20,633.6992190000001,Demanda,peninsular,2022
2022-08-21,602.791839,Demanda,peninsular,2022
2022-08-22,703.153961,Demanda,peninsular,2022
2022-08-23,730.634865,Demanda,peninsular,2022
2022-08-24,738.5584590000001,Demanda,peninsular,2022
2022-08-25,736.603211,Demanda,peninsular,2022
2022-08-26,725.562063,Demanda,peninsular,2022
2022-08-27,656.630131,Demanda,peninsular,2022
2022-08-28,615.465721,Demanda,peninsular,2022
2022-08-29,727.200545,Demanda,peninsular,2022
2022-08-30,750.9244669999999,Demanda,peninsular,2022
2022-08-31,740.231753,Demanda,peninsular,2022
2022-09-01,731.641339,Demanda,peninsular,2022
2022-09-02,732.22767,Demanda,peninsular,2022
2022-09-03,642.23601,Demanda,peninsular,2022
2022-09-04,596.575601,Demanda,peninsular,2022
2022-09-05,711.057502,Demanda,peninsular,2022
2022-09-06,727.5270849999999,Demanda,peninsular,2022
2022-09-07,731.678,Demanda,peninsular,2022
2022-09-08,715.619573,Demanda,peninsular,2022
2022-09-09,721.661277,Demanda,peninsular,2022
2022-09-10,653.8048120000001,Demanda,peninsular,2022
2022-09-11,619.8220570000001,Demanda,peninsular,2022
2022-09-12,743.105948,Demanda,peninsular,2022
2022-09-13,746.41615,Demanda,peninsular,2022
2022-09-14,722.541723,Demanda,peninsular,2022
2022-09-15,713.473613,Demanda,peninsular,2022
2022-09-16,708.799082,Demanda,peninsular,2022
2022-09-17,619.334834,Demanda,peninsular,2022
2022-09-18,574.254188,Demanda,peninsular,2022
2022-09-19,685.476662,Demanda,peninsular,2022
2022-09-20,704.300231,Demanda,peninsular,2022
2022-09-21,700.07002,Demanda,peninsular,2022
2022-09-22,695.597389,Demanda,peninsular,2022
2022-09-23,689.9885230000001,Demanda,peninsular,2022
2022-09-24,602.468746,Demanda,peninsular,2022
2022-09-25,547.492934,Demanda,peninsular,2022
2022-09-26,638.740351,Demanda,peninsular,2022
2022-09-27,659.456712,Demanda,peninsular,2022
2022-09-28,663.780704,Demanda,peninsular,2022
2022-09-29,663.7858560000001,Demanda,peninsular,2022
2022-09-30,649.024388,Demanda,peninsular,2022
2022-10-01,576.530486,Demanda,peninsular,2022
2022-10-02,536.105027,Demanda,peninsular,2022
2022-10-03,644.976653,Demanda,peninsular,2022
2022-10-04,667.812384,Demanda,peninsular,2022
2022-10-05,669.204132,Demanda,peninsular,2022
2022-10-06,675.127531,Demanda,peninsular,2022
2022-10-07,666.351834,Demanda,peninsular,2022
2022-10-08,589.542598,Demanda,peninsular,2022
2022-10-09,540.7964499999999,Demanda,peninsular,2022
2022-10-10,644.622826,Demanda,peninsular,2022
2022-10-11,654.510421,Demanda,peninsular,2022
2022-10-12,557.942649,Demanda,peninsular,2022
2022-10-13,641.378909,Demanda,peninsular,2022
2022-10-14,654.335366,Demanda,peninsular,2022
2022-10-15,579.414681,Demanda,peninsular,2022
2022-10-16,540.243248,Demanda,peninsular,2022
2022-10-17,645.458789,Demanda,peninsular,2022
2022-10-18,666.698644,Demanda,peninsular,2022
2022-10-19,678.7781239999999,Demanda,peninsular,2022
2022-10-20,683.996794,Demanda,peninsular,2022
2022-10-21,672.847573,Demanda,peninsular,2022
2022-10-22,586.790797,Demanda,peninsular,2022
2022-10-23,551.003213,Demanda,peninsular,2022
2022-10-24,646.2872070000001,Demanda,peninsular,2022
2022-10-25,663.966837,Demanda,peninsular,2022
2022-10-26,669.5719620000001,Demanda,peninsular,2022
2022-10-27,664.27672,Demanda,peninsular,2022
2022-10-28,653.085719,Demanda,peninsular,2022
2022-10-29,573.082907,Demanda,peninsular,2022
2022-10-30,547.874045,Demanda,peninsular,2022
2022-10-31,587.498589,Demanda,peninsular,2022
2022-11-01,538.630845,Demanda,peninsular,2022
2022-11-02,634.187151,Demanda,peninsular,2022
2022-11-03,656.532768,Demanda,peninsular,2022
2022-11-04,653.078471,Demanda,peninsular,2022
2022-11-05,571.841348,Demanda,peninsular,2022
2022-11-06,532.238943,Demanda,peninsular,2022
2022-11-07,612.953806,Demanda,peninsular,2022
2022-11-08,666.701201,Demanda,peninsular,2022
2022-11-09,661.163333,Demanda,peninsular,2022
2022-11-10,664.4499420000001,Demanda,peninsular,2022
2022-11-11,664.653882,Demanda,peninsular,2022
2022-11-12,588.358835,Demanda,peninsular,2022
2022-11-13,542.933157,Demanda,peninsular,2022
2022-11-14,652.74112,Demanda,peninsular,2022
2022-11-15,651.544301,Demanda,peninsular,2022
2022-11-16,681.393885,Demanda,peninsular,2022
2022-11-17,679.641411,Demanda,peninsular,2022
2022-11-18,675.6360870000001,Demanda,peninsular,2022
2022-11-19,603.9002839999999,Demanda,peninsular,2022
2022-11-20,560.680142,Demanda,peninsular,2022
2022-11-21,686.937943,Demanda,peninsular,2022
2022-11-22,715.617289,Demanda,peninsular,2022
2022-11-23,701.571613,Demanda,peninsular,2022
2022-11-24,698.309438,Demanda,peninsular,2022
2022-11-25,682.256747,Demanda,peninsular,2022
2022-11-26,614.7417750000001,Demanda,peninsular,2022
2022-11-27,582.620008,Demanda,peninsular,2022
2022-11-28,688.9074740000001,Demanda,peninsular,2022
2022-11-29,712.802199,Demanda,peninsular,2022
2022-11-30,724.74032,Demanda,peninsular,2022
2022-12-01,730.613079,Demanda,peninsular,2022
2022-12-02,731.618823,Demanda,peninsular,2022
2022-12-03,659.861394,Demanda,peninsular,2022
2022-12-04,616.327939,Demanda,peninsular,2022
2022-12-05,707.473451,Demanda,peninsular,2022
2022-12-06,645.078436,Demanda,peninsular,2022
2022-12-07,693.711869,Demanda,peninsular,2022
2022-12-08,632.319537,Demanda,peninsular,2022
2022-12-09,671.091448,Demanda,peninsular,2022
2022-12-10,623.146186,Demanda,peninsular,2022
2022-12-11,606.8213639999999,Demanda,peninsular,2022
2022-12-12,728.1804599999999,Demanda,peninsular,2022
2022-12-13,732.934204,Demanda,peninsular,2022
2022-12-14,717.540301,Demanda,peninsular,2022
2022-12-15,712.548603,Demanda,peninsular,2022
2022-12-16,713.514912,Demanda,peninsular,2022
2022-12-17,629.7031750000001,Demanda,peninsular,2022
2022-12-18,591.3869109999999,Demanda,peninsular,2022
2022-12-19,708.990929,Demanda,peninsular,2022
2022-12-20,724.156043,Demanda,peninsular,2022
2022-12-21,711.189579,Demanda,peninsular,2022
2022-12-22,694.814032,Demanda,peninsular,2022
2022-12-23,657.9960450000001,Demanda,peninsular,2022
2022-12-24,562.091314,Demanda,peninsular,2022
2022-12-25,489.067621,Demanda,peninsular,2022
2022-12-26,532.343828,Demanda,peninsular,2022
2022-12-27,612.141492,Demanda,peninsular,2022
2022-12-28,629.989307,Demanda,peninsular,2022
2022-12-29,637.1849840000001,Demanda,peninsular,2022
2022-12-30,624.064594,Demanda,peninsular,2022
2022-12-31,559.7548519999999,Demanda,peninsular,2022
