value,percentage,datetime,pais,a√±o
-137254.998,0.5,2019-01-01T00:00:00.000+01:00,andorra-frontera,2019
-119223.619,0.5,2019-02-01T00:00:00.000+01:00,andorra-frontera,2019
-122325.336,0.5,2019-03-01T00:00:00.000+01:00,andorra-frontera,2019
-124430.774,0.5,2019-04-01T00:00:00.000+02:00,andorra-frontera,2019
-143161.3,0.5,2019-05-01T00:00:00.000+02:00,andorra-frontera,2019
-159634.671,0.5,2019-06-01T00:00:00.000+02:00,andorra-frontera,2019
-201166.114,0.5,2019-07-01T00:00:00.000+02:00,andorra-frontera,2019
-185769.762,0.5,2019-08-01T00:00:00.000+02:00,andorra-frontera,2019
-153197.266,0.5,2019-09-01T00:00:00.000+02:00,andorra-frontera,2019
-137665.57,0.5,2019-10-01T00:00:00.000+02:00,andorra-frontera,2019
-91396.834,0.5,2019-11-01T00:00:00.000+01:00,andorra-frontera,2019
-119614.278,0.5,2019-12-01T00:00:00.000+01:00,andorra-frontera,2019
-136155.901,0.5,2020-01-01T00:00:00.000+01:00,andorra-frontera,2020
-115928.497,0.5,2020-02-01T00:00:00.000+01:00,andorra-frontera,2020
-112780.382,0.5,2020-03-01T00:00:00.000+01:00,andorra-frontera,2020
-80581.306,0.5,2020-04-01T00:00:00.000+02:00,andorra-frontera,2020
-79946.524,0.5,2020-05-01T00:00:00.000+02:00,andorra-frontera,2020
-93289.579,0.5,2020-06-01T00:00:00.000+02:00,andorra-frontera,2020
-168331.695,0.5,2020-07-01T00:00:00.000+02:00,andorra-frontera,2020
-182715.955,0.5,2020-08-01T00:00:00.000+02:00,andorra-frontera,2020
-116274.961,0.5,2020-09-01T00:00:00.000+02:00,andorra-frontera,2020
-105943.506,0.5,2020-10-01T00:00:00.000+02:00,andorra-frontera,2020
-96327.619,0.5,2020-11-01T00:00:00.000+01:00,andorra-frontera,2020
-138261.6,0.5,2020-12-01T00:00:00.000+01:00,andorra-frontera,2020
-138250.412,0.5,2021-01-01T00:00:00.000+01:00,andorra-frontera,2021
-113412.009,0.5,2021-02-01T00:00:00.000+01:00,andorra-frontera,2021
-127985.573,0.5,2021-03-01T00:00:00.000+01:00,andorra-frontera,2021
-111021.797,0.5,2021-04-01T00:00:00.000+02:00,andorra-frontera,2021
-111601.713,0.5,2021-05-01T00:00:00.000+02:00,andorra-frontera,2021
-65429.468,0.5,2021-06-01T00:00:00.000+02:00,andorra-frontera,2021
-45879.221,0.5,2021-07-01T00:00:00.000+02:00,andorra-frontera,2021
-40107.311,0.5,2021-08-01T00:00:00.000+02:00,andorra-frontera,2021
-37549.397,0.5,2021-09-01T00:00:00.000+02:00,andorra-frontera,2021
-38285.525,0.5,2021-10-01T00:00:00.000+02:00,andorra-frontera,2021
-28435.709,0.5,2021-11-01T00:00:00.000+01:00,andorra-frontera,2021
-32270.832,0.5,2021-12-01T00:00:00.000+01:00,andorra-frontera,2021
-31159.339,0.5,2022-01-01T00:00:00.000+01:00,andorra-frontera,2022
-27502.502,0.5,2022-02-01T00:00:00.000+01:00,andorra-frontera,2022
-30689.281,0.5,2022-03-01T00:00:00.000+01:00,andorra-frontera,2022
-33641.059,0.5,2022-04-01T00:00:00.000+02:00,andorra-frontera,2022
-32047.056,0.5,2022-05-01T00:00:00.000+02:00,andorra-frontera,2022
-35225.064,0.5,2022-06-01T00:00:00.000+02:00,andorra-frontera,2022
-67033.138,0.5,2022-07-01T00:00:00.000+02:00,andorra-frontera,2022
-77653.036,0.5,2022-08-01T00:00:00.000+02:00,andorra-frontera,2022
-70647.336,0.5,2022-09-01T00:00:00.000+02:00,andorra-frontera,2022
-61365.385,0.5,2022-10-01T00:00:00.000+02:00,andorra-frontera,2022
-55991.686,0.5,2022-11-01T00:00:00.000+01:00,andorra-frontera,2022
-79778.822,0.5,2022-12-01T00:00:00.000+01:00,andorra-frontera,2022
-123950.131,0.5,2023-01-01T00:00:00.000+01:00,andorra-frontera,2023
-89734.262,0.5,2023-02-01T00:00:00.000+01:00,andorra-frontera,2023
-82194.308,0.5,2023-03-01T00:00:00.000+01:00,andorra-frontera,2023
-98033.414,0.5,2023-04-01T00:00:00.000+02:00,andorra-frontera,2023
-118762.416,0.5,2023-05-01T00:00:00.000+02:00,andorra-frontera,2023
-124350.134,0.5,2023-06-01T00:00:00.000+02:00,andorra-frontera,2023
-168547.824,0.5,2023-07-01T00:00:00.000+02:00,andorra-frontera,2023
-175009.291,0.5,2023-08-01T00:00:00.000+02:00,andorra-frontera,2023
-130854.702,0.5,2023-09-01T00:00:00.000+02:00,andorra-frontera,2023
-131447.49,0.5,2023-10-01T00:00:00.000+02:00,andorra-frontera,2023
-70735.69,0.5,2023-11-01T00:00:00.000+01:00,andorra-frontera,2023
-112440.268,0.5,2023-12-01T00:00:00.000+01:00,andorra-frontera,2023
-122760.274,0.5,2024-01-01T00:00:00.000+01:00,andorra-frontera,2024
-114744.082,0.5,2024-02-01T00:00:00.000+01:00,andorra-frontera,2024
-110667.727,0.5,2024-03-01T00:00:00.000+01:00,andorra-frontera,2024
-109362.35,0.5,2024-04-01T00:00:00.000+02:00,andorra-frontera,2024
-117764.884,0.5,2024-05-01T00:00:00.000+02:00,andorra-frontera,2024
-145363.589,0.5,2024-06-01T00:00:00.000+02:00,andorra-frontera,2024
-208454.387,0.5,2024-07-01T00:00:00.000+02:00,andorra-frontera,2024
-187956.546,0.5,2024-08-01T00:00:00.000+02:00,andorra-frontera,2024
-162009.159,0.5,2024-09-01T00:00:00.000+02:00,andorra-frontera,2024
-144544.436,0.5,2024-10-01T00:00:00.000+02:00,andorra-frontera,2024
-78195.681,0.5,2024-11-01T00:00:00.000+01:00,andorra-frontera,2024
-77984.769,0.5,2024-12-01T00:00:00.000+01:00,andorra-frontera,2024
