fecha,valor,indicator,region,año
2019-01-01T00:00:00.000+01:00,24566154.547,Demanda,peninsular,2019
2019-02-01T00:00:00.000+01:00,21280529.205,Demanda,peninsular,2019
2019-03-01T00:00:00.000+01:00,21935545.636,Demanda,peninsular,2019
2019-04-01T00:00:00.000+02:00,20692209.649,Demanda,peninsular,2019
2019-05-01T00:00:00.000+02:00,21134292.129,Demanda,peninsular,2019
2019-06-01T00:00:00.000+02:00,21258958.649,Demanda,peninsular,2019
2019-07-01T00:00:00.000+02:00,24223991.17,Demanda,peninsular,2019
2019-08-01T00:00:00.000+02:00,22710929.179,Demanda,peninsular,2019
2019-09-01T00:00:00.000+02:00,21297712.005,Demanda,peninsular,2019
2019-10-01T00:00:00.000+02:00,21454847.17,Demanda,peninsular,2019
2019-11-01T00:00:00.000+01:00,21997760.931,Demanda,peninsular,2019
2019-12-01T00:00:00.000+01:00,22110920.732,Demanda,peninsular,2019
2019-01-01T00:00:00.000+01:00,24566154.547,Demanda,canarias,2019
2019-02-01T00:00:00.000+01:00,21280529.205,Demanda,canarias,2019
2019-03-01T00:00:00.000+01:00,21935545.636,Demanda,canarias,2019
2019-04-01T00:00:00.000+02:00,20692209.649,Demanda,canarias,2019
2019-05-01T00:00:00.000+02:00,21134292.129,Demanda,canarias,2019
2019-06-01T00:00:00.000+02:00,21258958.649,Demanda,canarias,2019
2019-07-01T00:00:00.000+02:00,24223991.17,Demanda,canarias,2019
2019-08-01T00:00:00.000+02:00,22710929.179,Demanda,canarias,2019
2019-09-01T00:00:00.000+02:00,21297712.005,Demanda,canarias,2019
2019-10-01T00:00:00.000+02:00,21454847.17,Demanda,canarias,2019
2019-11-01T00:00:00.000+01:00,21997760.931,Demanda,canarias,2019
2019-12-01T00:00:00.000+01:00,22110920.732,Demanda,canarias,2019
2019-01-01T00:00:00.000+01:00,24566154.547,Demanda,baleares,2019
2019-02-01T00:00:00.000+01:00,21280529.205,Demanda,baleares,2019
2019-03-01T00:00:00.000+01:00,21935545.636,Demanda,baleares,2019
2019-04-01T00:00:00.000+02:00,20692209.649,Demanda,baleares,2019
2019-05-01T00:00:00.000+02:00,21134292.129,Demanda,baleares,2019
2019-06-01T00:00:00.000+02:00,21258958.649,Demanda,baleares,2019
2019-07-01T00:00:00.000+02:00,24223991.17,Demanda,baleares,2019
2019-08-01T00:00:00.000+02:00,22710929.179,Demanda,baleares,2019
2019-09-01T00:00:00.000+02:00,21297712.005,Demanda,baleares,2019
2019-10-01T00:00:00.000+02:00,21454847.17,Demanda,baleares,2019
2019-11-01T00:00:00.000+01:00,21997760.931,Demanda,baleares,2019
2019-12-01T00:00:00.000+01:00,22110920.732,Demanda,baleares,2019
2019-01-01T00:00:00.000+01:00,24566154.547,Demanda,ceuta,2019
2019-02-01T00:00:00.000+01:00,21280529.205,Demanda,ceuta,2019
2019-03-01T00:00:00.000+01:00,21935545.636,Demanda,ceuta,2019
2019-04-01T00:00:00.000+02:00,20692209.649,Demanda,ceuta,2019
2019-05-01T00:00:00.000+02:00,21134292.129,Demanda,ceuta,2019
2019-06-01T00:00:00.000+02:00,21258958.649,Demanda,ceuta,2019
2019-07-01T00:00:00.000+02:00,24223991.17,Demanda,ceuta,2019
2019-08-01T00:00:00.000+02:00,22710929.179,Demanda,ceuta,2019
2019-09-01T00:00:00.000+02:00,21297712.005,Demanda,ceuta,2019
2019-10-01T00:00:00.000+02:00,21454847.17,Demanda,ceuta,2019
2019-11-01T00:00:00.000+01:00,21997760.931,Demanda,ceuta,2019
2019-12-01T00:00:00.000+01:00,22110920.732,Demanda,ceuta,2019
2019-01-01T00:00:00.000+01:00,24566154.547,Demanda,melilla,2019
2019-02-01T00:00:00.000+01:00,21280529.205,Demanda,melilla,2019
2019-03-01T00:00:00.000+01:00,21935545.636,Demanda,melilla,2019
2019-04-01T00:00:00.000+02:00,20692209.649,Demanda,melilla,2019
2019-05-01T00:00:00.000+02:00,21134292.129,Demanda,melilla,2019
2019-06-01T00:00:00.000+02:00,21258958.649,Demanda,melilla,2019
2019-07-01T00:00:00.000+02:00,24223991.17,Demanda,melilla,2019
2019-08-01T00:00:00.000+02:00,22710929.179,Demanda,melilla,2019
2019-09-01T00:00:00.000+02:00,21297712.005,Demanda,melilla,2019
2019-10-01T00:00:00.000+02:00,21454847.17,Demanda,melilla,2019
2019-11-01T00:00:00.000+01:00,21997760.931,Demanda,melilla,2019
2019-12-01T00:00:00.000+01:00,22110920.732,Demanda,melilla,2019
2019-01-01T00:00:00.000+01:00,24566154.547,Demanda,andalucia,2019
2019-02-01T00:00:00.000+01:00,21280529.205,Demanda,andalucia,2019
2019-03-01T00:00:00.000+01:00,21935545.636,Demanda,andalucia,2019
2019-04-01T00:00:00.000+02:00,20692209.649,Demanda,andalucia,2019
2019-05-01T00:00:00.000+02:00,21134292.129,Demanda,andalucia,2019
2019-06-01T00:00:00.000+02:00,21258958.649,Demanda,andalucia,2019
2019-07-01T00:00:00.000+02:00,24223991.17,Demanda,andalucia,2019
2019-08-01T00:00:00.000+02:00,22710929.179,Demanda,andalucia,2019
2019-09-01T00:00:00.000+02:00,21297712.005,Demanda,andalucia,2019
2019-10-01T00:00:00.000+02:00,21454847.17,Demanda,andalucia,2019
2019-11-01T00:00:00.000+01:00,21997760.931,Demanda,andalucia,2019
2019-12-01T00:00:00.000+01:00,22110920.732,Demanda,andalucia,2019
2019-01-01T00:00:00.000+01:00,24566154.547,Demanda,aragon,2019
2019-02-01T00:00:00.000+01:00,21280529.205,Demanda,aragon,2019
2019-03-01T00:00:00.000+01:00,21935545.636,Demanda,aragon,2019
2019-04-01T00:00:00.000+02:00,20692209.649,Demanda,aragon,2019
2019-05-01T00:00:00.000+02:00,21134292.129,Demanda,aragon,2019
2019-06-01T00:00:00.000+02:00,21258958.649,Demanda,aragon,2019
2019-07-01T00:00:00.000+02:00,24223991.17,Demanda,aragon,2019
2019-08-01T00:00:00.000+02:00,22710929.179,Demanda,aragon,2019
2019-09-01T00:00:00.000+02:00,21297712.005,Demanda,aragon,2019
2019-10-01T00:00:00.000+02:00,21454847.17,Demanda,aragon,2019
2019-11-01T00:00:00.000+01:00,21997760.931,Demanda,aragon,2019
2019-12-01T00:00:00.000+01:00,22110920.732,Demanda,aragon,2019
2019-01-01T00:00:00.000+01:00,24566154.547,Demanda,cantabria,2019
2019-02-01T00:00:00.000+01:00,21280529.205,Demanda,cantabria,2019
2019-03-01T00:00:00.000+01:00,21935545.636,Demanda,cantabria,2019
2019-04-01T00:00:00.000+02:00,20692209.649,Demanda,cantabria,2019
2019-05-01T00:00:00.000+02:00,21134292.129,Demanda,cantabria,2019
2019-06-01T00:00:00.000+02:00,21258958.649,Demanda,cantabria,2019
2019-07-01T00:00:00.000+02:00,24223991.17,Demanda,cantabria,2019
2019-08-01T00:00:00.000+02:00,22710929.179,Demanda,cantabria,2019
2019-09-01T00:00:00.000+02:00,21297712.005,Demanda,cantabria,2019
2019-10-01T00:00:00.000+02:00,21454847.17,Demanda,cantabria,2019
2019-11-01T00:00:00.000+01:00,21997760.931,Demanda,cantabria,2019
2019-12-01T00:00:00.000+01:00,22110920.732,Demanda,cantabria,2019
2019-01-01T00:00:00.000+01:00,24566154.547,Demanda,castilla la mancha,2019
2019-02-01T00:00:00.000+01:00,21280529.205,Demanda,castilla la mancha,2019
2019-03-01T00:00:00.000+01:00,21935545.636,Demanda,castilla la mancha,2019
2019-04-01T00:00:00.000+02:00,20692209.649,Demanda,castilla la mancha,2019
2019-05-01T00:00:00.000+02:00,21134292.129,Demanda,castilla la mancha,2019
2019-06-01T00:00:00.000+02:00,21258958.649,Demanda,castilla la mancha,2019
2019-07-01T00:00:00.000+02:00,24223991.17,Demanda,castilla la mancha,2019
2019-08-01T00:00:00.000+02:00,22710929.179,Demanda,castilla la mancha,2019
2019-09-01T00:00:00.000+02:00,21297712.005,Demanda,castilla la mancha,2019
2019-10-01T00:00:00.000+02:00,21454847.17,Demanda,castilla la mancha,2019
2019-11-01T00:00:00.000+01:00,21997760.931,Demanda,castilla la mancha,2019
2019-12-01T00:00:00.000+01:00,22110920.732,Demanda,castilla la mancha,2019
2019-01-01T00:00:00.000+01:00,24566154.547,Demanda,castilla y leon,2019
2019-02-01T00:00:00.000+01:00,21280529.205,Demanda,castilla y leon,2019
2019-03-01T00:00:00.000+01:00,21935545.636,Demanda,castilla y leon,2019
2019-04-01T00:00:00.000+02:00,20692209.649,Demanda,castilla y leon,2019
2019-05-01T00:00:00.000+02:00,21134292.129,Demanda,castilla y leon,2019
2019-06-01T00:00:00.000+02:00,21258958.649,Demanda,castilla y leon,2019
2019-07-01T00:00:00.000+02:00,24223991.17,Demanda,castilla y leon,2019
2019-08-01T00:00:00.000+02:00,22710929.179,Demanda,castilla y leon,2019
2019-09-01T00:00:00.000+02:00,21297712.005,Demanda,castilla y leon,2019
2019-10-01T00:00:00.000+02:00,21454847.17,Demanda,castilla y leon,2019
2019-11-01T00:00:00.000+01:00,21997760.931,Demanda,castilla y leon,2019
2019-12-01T00:00:00.000+01:00,22110920.732,Demanda,castilla y leon,2019
2019-01-01T00:00:00.000+01:00,24566154.547,Demanda,cataluña,2019
2019-02-01T00:00:00.000+01:00,21280529.205,Demanda,cataluña,2019
2019-03-01T00:00:00.000+01:00,21935545.636,Demanda,cataluña,2019
2019-04-01T00:00:00.000+02:00,20692209.649,Demanda,cataluña,2019
2019-05-01T00:00:00.000+02:00,21134292.129,Demanda,cataluña,2019
2019-06-01T00:00:00.000+02:00,21258958.649,Demanda,cataluña,2019
2019-07-01T00:00:00.000+02:00,24223991.17,Demanda,cataluña,2019
2019-08-01T00:00:00.000+02:00,22710929.179,Demanda,cataluña,2019
2019-09-01T00:00:00.000+02:00,21297712.005,Demanda,cataluña,2019
2019-10-01T00:00:00.000+02:00,21454847.17,Demanda,cataluña,2019
2019-11-01T00:00:00.000+01:00,21997760.931,Demanda,cataluña,2019
2019-12-01T00:00:00.000+01:00,22110920.732,Demanda,cataluña,2019
2019-01-01T00:00:00.000+01:00,24566154.547,Demanda,pais vasco,2019
2019-02-01T00:00:00.000+01:00,21280529.205,Demanda,pais vasco,2019
2019-03-01T00:00:00.000+01:00,21935545.636,Demanda,pais vasco,2019
2019-04-01T00:00:00.000+02:00,20692209.649,Demanda,pais vasco,2019
2019-05-01T00:00:00.000+02:00,21134292.129,Demanda,pais vasco,2019
2019-06-01T00:00:00.000+02:00,21258958.649,Demanda,pais vasco,2019
2019-07-01T00:00:00.000+02:00,24223991.17,Demanda,pais vasco,2019
2019-08-01T00:00:00.000+02:00,22710929.179,Demanda,pais vasco,2019
2019-09-01T00:00:00.000+02:00,21297712.005,Demanda,pais vasco,2019
2019-10-01T00:00:00.000+02:00,21454847.17,Demanda,pais vasco,2019
2019-11-01T00:00:00.000+01:00,21997760.931,Demanda,pais vasco,2019
2019-12-01T00:00:00.000+01:00,22110920.732,Demanda,pais vasco,2019
2019-01-01T00:00:00.000+01:00,24566154.547,Demanda,principado de asturias,2019
2019-02-01T00:00:00.000+01:00,21280529.205,Demanda,principado de asturias,2019
2019-03-01T00:00:00.000+01:00,21935545.636,Demanda,principado de asturias,2019
2019-04-01T00:00:00.000+02:00,20692209.649,Demanda,principado de asturias,2019
2019-05-01T00:00:00.000+02:00,21134292.129,Demanda,principado de asturias,2019
2019-06-01T00:00:00.000+02:00,21258958.649,Demanda,principado de asturias,2019
2019-07-01T00:00:00.000+02:00,24223991.17,Demanda,principado de asturias,2019
2019-08-01T00:00:00.000+02:00,22710929.179,Demanda,principado de asturias,2019
2019-09-01T00:00:00.000+02:00,21297712.005,Demanda,principado de asturias,2019
2019-10-01T00:00:00.000+02:00,21454847.17,Demanda,principado de asturias,2019
2019-11-01T00:00:00.000+01:00,21997760.931,Demanda,principado de asturias,2019
2019-12-01T00:00:00.000+01:00,22110920.732,Demanda,principado de asturias,2019
2019-01-01T00:00:00.000+01:00,24566154.547,Demanda,comunidad de madrid,2019
2019-02-01T00:00:00.000+01:00,21280529.205,Demanda,comunidad de madrid,2019
2019-03-01T00:00:00.000+01:00,21935545.636,Demanda,comunidad de madrid,2019
2019-04-01T00:00:00.000+02:00,20692209.649,Demanda,comunidad de madrid,2019
2019-05-01T00:00:00.000+02:00,21134292.129,Demanda,comunidad de madrid,2019
2019-06-01T00:00:00.000+02:00,21258958.649,Demanda,comunidad de madrid,2019
2019-07-01T00:00:00.000+02:00,24223991.17,Demanda,comunidad de madrid,2019
2019-08-01T00:00:00.000+02:00,22710929.179,Demanda,comunidad de madrid,2019
2019-09-01T00:00:00.000+02:00,21297712.005,Demanda,comunidad de madrid,2019
2019-10-01T00:00:00.000+02:00,21454847.17,Demanda,comunidad de madrid,2019
2019-11-01T00:00:00.000+01:00,21997760.931,Demanda,comunidad de madrid,2019
2019-12-01T00:00:00.000+01:00,22110920.732,Demanda,comunidad de madrid,2019
2019-01-01T00:00:00.000+01:00,24566154.547,Demanda,comunidad de navarra,2019
2019-02-01T00:00:00.000+01:00,21280529.205,Demanda,comunidad de navarra,2019
2019-03-01T00:00:00.000+01:00,21935545.636,Demanda,comunidad de navarra,2019
2019-04-01T00:00:00.000+02:00,20692209.649,Demanda,comunidad de navarra,2019
2019-05-01T00:00:00.000+02:00,21134292.129,Demanda,comunidad de navarra,2019
2019-06-01T00:00:00.000+02:00,21258958.649,Demanda,comunidad de navarra,2019
2019-07-01T00:00:00.000+02:00,24223991.17,Demanda,comunidad de navarra,2019
2019-08-01T00:00:00.000+02:00,22710929.179,Demanda,comunidad de navarra,2019
2019-09-01T00:00:00.000+02:00,21297712.005,Demanda,comunidad de navarra,2019
2019-10-01T00:00:00.000+02:00,21454847.17,Demanda,comunidad de navarra,2019
2019-11-01T00:00:00.000+01:00,21997760.931,Demanda,comunidad de navarra,2019
2019-12-01T00:00:00.000+01:00,22110920.732,Demanda,comunidad de navarra,2019
2019-01-01T00:00:00.000+01:00,24566154.547,Demanda,comunidad de valenciana,2019
2019-02-01T00:00:00.000+01:00,21280529.205,Demanda,comunidad de valenciana,2019
2019-03-01T00:00:00.000+01:00,21935545.636,Demanda,comunidad de valenciana,2019
2019-04-01T00:00:00.000+02:00,20692209.649,Demanda,comunidad de valenciana,2019
2019-05-01T00:00:00.000+02:00,21134292.129,Demanda,comunidad de valenciana,2019
2019-06-01T00:00:00.000+02:00,21258958.649,Demanda,comunidad de valenciana,2019
2019-07-01T00:00:00.000+02:00,24223991.17,Demanda,comunidad de valenciana,2019
2019-08-01T00:00:00.000+02:00,22710929.179,Demanda,comunidad de valenciana,2019
2019-09-01T00:00:00.000+02:00,21297712.005,Demanda,comunidad de valenciana,2019
2019-10-01T00:00:00.000+02:00,21454847.17,Demanda,comunidad de valenciana,2019
2019-11-01T00:00:00.000+01:00,21997760.931,Demanda,comunidad de valenciana,2019
2019-12-01T00:00:00.000+01:00,22110920.732,Demanda,comunidad de valenciana,2019
2019-01-01T00:00:00.000+01:00,24566154.547,Demanda,extremadura,2019
2019-02-01T00:00:00.000+01:00,21280529.205,Demanda,extremadura,2019
2019-03-01T00:00:00.000+01:00,21935545.636,Demanda,extremadura,2019
2019-04-01T00:00:00.000+02:00,20692209.649,Demanda,extremadura,2019
2019-05-01T00:00:00.000+02:00,21134292.129,Demanda,extremadura,2019
2019-06-01T00:00:00.000+02:00,21258958.649,Demanda,extremadura,2019
2019-07-01T00:00:00.000+02:00,24223991.17,Demanda,extremadura,2019
2019-08-01T00:00:00.000+02:00,22710929.179,Demanda,extremadura,2019
2019-09-01T00:00:00.000+02:00,21297712.005,Demanda,extremadura,2019
2019-10-01T00:00:00.000+02:00,21454847.17,Demanda,extremadura,2019
2019-11-01T00:00:00.000+01:00,21997760.931,Demanda,extremadura,2019
2019-12-01T00:00:00.000+01:00,22110920.732,Demanda,extremadura,2019
2019-01-01T00:00:00.000+01:00,24566154.547,Demanda,galicia,2019
2019-02-01T00:00:00.000+01:00,21280529.205,Demanda,galicia,2019
2019-03-01T00:00:00.000+01:00,21935545.636,Demanda,galicia,2019
2019-04-01T00:00:00.000+02:00,20692209.649,Demanda,galicia,2019
2019-05-01T00:00:00.000+02:00,21134292.129,Demanda,galicia,2019
2019-06-01T00:00:00.000+02:00,21258958.649,Demanda,galicia,2019
2019-07-01T00:00:00.000+02:00,24223991.17,Demanda,galicia,2019
2019-08-01T00:00:00.000+02:00,22710929.179,Demanda,galicia,2019
2019-09-01T00:00:00.000+02:00,21297712.005,Demanda,galicia,2019
2019-10-01T00:00:00.000+02:00,21454847.17,Demanda,galicia,2019
2019-11-01T00:00:00.000+01:00,21997760.931,Demanda,galicia,2019
2019-12-01T00:00:00.000+01:00,22110920.732,Demanda,galicia,2019
2019-01-01T00:00:00.000+01:00,24566154.547,Demanda,la rioja,2019
2019-02-01T00:00:00.000+01:00,21280529.205,Demanda,la rioja,2019
2019-03-01T00:00:00.000+01:00,21935545.636,Demanda,la rioja,2019
2019-04-01T00:00:00.000+02:00,20692209.649,Demanda,la rioja,2019
2019-05-01T00:00:00.000+02:00,21134292.129,Demanda,la rioja,2019
2019-06-01T00:00:00.000+02:00,21258958.649,Demanda,la rioja,2019
2019-07-01T00:00:00.000+02:00,24223991.17,Demanda,la rioja,2019
2019-08-01T00:00:00.000+02:00,22710929.179,Demanda,la rioja,2019
2019-09-01T00:00:00.000+02:00,21297712.005,Demanda,la rioja,2019
2019-10-01T00:00:00.000+02:00,21454847.17,Demanda,la rioja,2019
2019-11-01T00:00:00.000+01:00,21997760.931,Demanda,la rioja,2019
2019-12-01T00:00:00.000+01:00,22110920.732,Demanda,la rioja,2019
2019-01-01T00:00:00.000+01:00,24566154.547,Demanda,region de murcia,2019
2019-02-01T00:00:00.000+01:00,21280529.205,Demanda,region de murcia,2019
2019-03-01T00:00:00.000+01:00,21935545.636,Demanda,region de murcia,2019
2019-04-01T00:00:00.000+02:00,20692209.649,Demanda,region de murcia,2019
2019-05-01T00:00:00.000+02:00,21134292.129,Demanda,region de murcia,2019
2019-06-01T00:00:00.000+02:00,21258958.649,Demanda,region de murcia,2019
2019-07-01T00:00:00.000+02:00,24223991.17,Demanda,region de murcia,2019
2019-08-01T00:00:00.000+02:00,22710929.179,Demanda,region de murcia,2019
2019-09-01T00:00:00.000+02:00,21297712.005,Demanda,region de murcia,2019
2019-10-01T00:00:00.000+02:00,21454847.17,Demanda,region de murcia,2019
2019-11-01T00:00:00.000+01:00,21997760.931,Demanda,region de murcia,2019
2019-12-01T00:00:00.000+01:00,22110920.732,Demanda,region de murcia,2019
2020-01-01T00:00:00.000+01:00,23826282.724,Demanda,peninsular,2020
2020-02-01T00:00:00.000+01:00,20980969.957,Demanda,peninsular,2020
2020-03-01T00:00:00.000+01:00,20926733.362,Demanda,peninsular,2020
2020-04-01T00:00:00.000+02:00,17060911.994,Demanda,peninsular,2020
2020-05-01T00:00:00.000+02:00,18308083.84,Demanda,peninsular,2020
2020-06-01T00:00:00.000+02:00,19358582.116,Demanda,peninsular,2020
2020-07-01T00:00:00.000+02:00,23194421.105,Demanda,peninsular,2020
2020-08-01T00:00:00.000+02:00,22065111.348,Demanda,peninsular,2020
2020-09-01T00:00:00.000+02:00,20498509.843,Demanda,peninsular,2020
2020-10-01T00:00:00.000+02:00,20693485.205,Demanda,peninsular,2020
2020-11-01T00:00:00.000+01:00,20698566.523,Demanda,peninsular,2020
2020-12-01T00:00:00.000+01:00,22438961.596,Demanda,peninsular,2020
2020-01-01T00:00:00.000+01:00,23826282.724,Demanda,canarias,2020
2020-02-01T00:00:00.000+01:00,20980969.957,Demanda,canarias,2020
2020-03-01T00:00:00.000+01:00,20926733.362,Demanda,canarias,2020
2020-04-01T00:00:00.000+02:00,17060911.994,Demanda,canarias,2020
2020-05-01T00:00:00.000+02:00,18308083.84,Demanda,canarias,2020
2020-06-01T00:00:00.000+02:00,19358582.116,Demanda,canarias,2020
2020-07-01T00:00:00.000+02:00,23194421.105,Demanda,canarias,2020
2020-08-01T00:00:00.000+02:00,22065111.348,Demanda,canarias,2020
2020-09-01T00:00:00.000+02:00,20498509.843,Demanda,canarias,2020
2020-10-01T00:00:00.000+02:00,20693485.205,Demanda,canarias,2020
2020-11-01T00:00:00.000+01:00,20698566.523,Demanda,canarias,2020
2020-12-01T00:00:00.000+01:00,22438961.596,Demanda,canarias,2020
2020-01-01T00:00:00.000+01:00,23826282.724,Demanda,baleares,2020
2020-02-01T00:00:00.000+01:00,20980969.957,Demanda,baleares,2020
2020-03-01T00:00:00.000+01:00,20926733.362,Demanda,baleares,2020
2020-04-01T00:00:00.000+02:00,17060911.994,Demanda,baleares,2020
2020-05-01T00:00:00.000+02:00,18308083.84,Demanda,baleares,2020
2020-06-01T00:00:00.000+02:00,19358582.116,Demanda,baleares,2020
2020-07-01T00:00:00.000+02:00,23194421.105,Demanda,baleares,2020
2020-08-01T00:00:00.000+02:00,22065111.348,Demanda,baleares,2020
2020-09-01T00:00:00.000+02:00,20498509.843,Demanda,baleares,2020
2020-10-01T00:00:00.000+02:00,20693485.205,Demanda,baleares,2020
2020-11-01T00:00:00.000+01:00,20698566.523,Demanda,baleares,2020
2020-12-01T00:00:00.000+01:00,22438961.596,Demanda,baleares,2020
2020-01-01T00:00:00.000+01:00,23826282.724,Demanda,ceuta,2020
2020-02-01T00:00:00.000+01:00,20980969.957,Demanda,ceuta,2020
2020-03-01T00:00:00.000+01:00,20926733.362,Demanda,ceuta,2020
2020-04-01T00:00:00.000+02:00,17060911.994,Demanda,ceuta,2020
2020-05-01T00:00:00.000+02:00,18308083.84,Demanda,ceuta,2020
2020-06-01T00:00:00.000+02:00,19358582.116,Demanda,ceuta,2020
2020-07-01T00:00:00.000+02:00,23194421.105,Demanda,ceuta,2020
2020-08-01T00:00:00.000+02:00,22065111.348,Demanda,ceuta,2020
2020-09-01T00:00:00.000+02:00,20498509.843,Demanda,ceuta,2020
2020-10-01T00:00:00.000+02:00,20693485.205,Demanda,ceuta,2020
2020-11-01T00:00:00.000+01:00,20698566.523,Demanda,ceuta,2020
2020-12-01T00:00:00.000+01:00,22438961.596,Demanda,ceuta,2020
2020-01-01T00:00:00.000+01:00,23826282.724,Demanda,melilla,2020
2020-02-01T00:00:00.000+01:00,20980969.957,Demanda,melilla,2020
2020-03-01T00:00:00.000+01:00,20926733.362,Demanda,melilla,2020
2020-04-01T00:00:00.000+02:00,17060911.994,Demanda,melilla,2020
2020-05-01T00:00:00.000+02:00,18308083.84,Demanda,melilla,2020
2020-06-01T00:00:00.000+02:00,19358582.116,Demanda,melilla,2020
2020-07-01T00:00:00.000+02:00,23194421.105,Demanda,melilla,2020
2020-08-01T00:00:00.000+02:00,22065111.348,Demanda,melilla,2020
2020-09-01T00:00:00.000+02:00,20498509.843,Demanda,melilla,2020
2020-10-01T00:00:00.000+02:00,20693485.205,Demanda,melilla,2020
2020-11-01T00:00:00.000+01:00,20698566.523,Demanda,melilla,2020
2020-12-01T00:00:00.000+01:00,22438961.596,Demanda,melilla,2020
2020-01-01T00:00:00.000+01:00,23826282.724,Demanda,andalucia,2020
2020-02-01T00:00:00.000+01:00,20980969.957,Demanda,andalucia,2020
2020-03-01T00:00:00.000+01:00,20926733.362,Demanda,andalucia,2020
2020-04-01T00:00:00.000+02:00,17060911.994,Demanda,andalucia,2020
2020-05-01T00:00:00.000+02:00,18308083.84,Demanda,andalucia,2020
2020-06-01T00:00:00.000+02:00,19358582.116,Demanda,andalucia,2020
2020-07-01T00:00:00.000+02:00,23194421.105,Demanda,andalucia,2020
2020-08-01T00:00:00.000+02:00,22065111.348,Demanda,andalucia,2020
2020-09-01T00:00:00.000+02:00,20498509.843,Demanda,andalucia,2020
2020-10-01T00:00:00.000+02:00,20693485.205,Demanda,andalucia,2020
2020-11-01T00:00:00.000+01:00,20698566.523,Demanda,andalucia,2020
2020-12-01T00:00:00.000+01:00,22438961.596,Demanda,andalucia,2020
2020-01-01T00:00:00.000+01:00,23826282.724,Demanda,aragon,2020
2020-02-01T00:00:00.000+01:00,20980969.957,Demanda,aragon,2020
2020-03-01T00:00:00.000+01:00,20926733.362,Demanda,aragon,2020
2020-04-01T00:00:00.000+02:00,17060911.994,Demanda,aragon,2020
2020-05-01T00:00:00.000+02:00,18308083.84,Demanda,aragon,2020
2020-06-01T00:00:00.000+02:00,19358582.116,Demanda,aragon,2020
2020-07-01T00:00:00.000+02:00,23194421.105,Demanda,aragon,2020
2020-08-01T00:00:00.000+02:00,22065111.348,Demanda,aragon,2020
2020-09-01T00:00:00.000+02:00,20498509.843,Demanda,aragon,2020
2020-10-01T00:00:00.000+02:00,20693485.205,Demanda,aragon,2020
2020-11-01T00:00:00.000+01:00,20698566.523,Demanda,aragon,2020
2020-12-01T00:00:00.000+01:00,22438961.596,Demanda,aragon,2020
2020-01-01T00:00:00.000+01:00,23826282.724,Demanda,cantabria,2020
2020-02-01T00:00:00.000+01:00,20980969.957,Demanda,cantabria,2020
2020-03-01T00:00:00.000+01:00,20926733.362,Demanda,cantabria,2020
2020-04-01T00:00:00.000+02:00,17060911.994,Demanda,cantabria,2020
2020-05-01T00:00:00.000+02:00,18308083.84,Demanda,cantabria,2020
2020-06-01T00:00:00.000+02:00,19358582.116,Demanda,cantabria,2020
2020-07-01T00:00:00.000+02:00,23194421.105,Demanda,cantabria,2020
2020-08-01T00:00:00.000+02:00,22065111.348,Demanda,cantabria,2020
2020-09-01T00:00:00.000+02:00,20498509.843,Demanda,cantabria,2020
2020-10-01T00:00:00.000+02:00,20693485.205,Demanda,cantabria,2020
2020-11-01T00:00:00.000+01:00,20698566.523,Demanda,cantabria,2020
2020-12-01T00:00:00.000+01:00,22438961.596,Demanda,cantabria,2020
2020-01-01T00:00:00.000+01:00,23826282.724,Demanda,castilla la mancha,2020
2020-02-01T00:00:00.000+01:00,20980969.957,Demanda,castilla la mancha,2020
2020-03-01T00:00:00.000+01:00,20926733.362,Demanda,castilla la mancha,2020
2020-04-01T00:00:00.000+02:00,17060911.994,Demanda,castilla la mancha,2020
2020-05-01T00:00:00.000+02:00,18308083.84,Demanda,castilla la mancha,2020
2020-06-01T00:00:00.000+02:00,19358582.116,Demanda,castilla la mancha,2020
2020-07-01T00:00:00.000+02:00,23194421.105,Demanda,castilla la mancha,2020
2020-08-01T00:00:00.000+02:00,22065111.348,Demanda,castilla la mancha,2020
2020-09-01T00:00:00.000+02:00,20498509.843,Demanda,castilla la mancha,2020
2020-10-01T00:00:00.000+02:00,20693485.205,Demanda,castilla la mancha,2020
2020-11-01T00:00:00.000+01:00,20698566.523,Demanda,castilla la mancha,2020
2020-12-01T00:00:00.000+01:00,22438961.596,Demanda,castilla la mancha,2020
2020-01-01T00:00:00.000+01:00,23826282.724,Demanda,castilla y leon,2020
2020-02-01T00:00:00.000+01:00,20980969.957,Demanda,castilla y leon,2020
2020-03-01T00:00:00.000+01:00,20926733.362,Demanda,castilla y leon,2020
2020-04-01T00:00:00.000+02:00,17060911.994,Demanda,castilla y leon,2020
2020-05-01T00:00:00.000+02:00,18308083.84,Demanda,castilla y leon,2020
2020-06-01T00:00:00.000+02:00,19358582.116,Demanda,castilla y leon,2020
2020-07-01T00:00:00.000+02:00,23194421.105,Demanda,castilla y leon,2020
2020-08-01T00:00:00.000+02:00,22065111.348,Demanda,castilla y leon,2020
2020-09-01T00:00:00.000+02:00,20498509.843,Demanda,castilla y leon,2020
2020-10-01T00:00:00.000+02:00,20693485.205,Demanda,castilla y leon,2020
2020-11-01T00:00:00.000+01:00,20698566.523,Demanda,castilla y leon,2020
2020-12-01T00:00:00.000+01:00,22438961.596,Demanda,castilla y leon,2020
2020-01-01T00:00:00.000+01:00,23826282.724,Demanda,cataluña,2020
2020-02-01T00:00:00.000+01:00,20980969.957,Demanda,cataluña,2020
2020-03-01T00:00:00.000+01:00,20926733.362,Demanda,cataluña,2020
2020-04-01T00:00:00.000+02:00,17060911.994,Demanda,cataluña,2020
2020-05-01T00:00:00.000+02:00,18308083.84,Demanda,cataluña,2020
2020-06-01T00:00:00.000+02:00,19358582.116,Demanda,cataluña,2020
2020-07-01T00:00:00.000+02:00,23194421.105,Demanda,cataluña,2020
2020-08-01T00:00:00.000+02:00,22065111.348,Demanda,cataluña,2020
2020-09-01T00:00:00.000+02:00,20498509.843,Demanda,cataluña,2020
2020-10-01T00:00:00.000+02:00,20693485.205,Demanda,cataluña,2020
2020-11-01T00:00:00.000+01:00,20698566.523,Demanda,cataluña,2020
2020-12-01T00:00:00.000+01:00,22438961.596,Demanda,cataluña,2020
2020-01-01T00:00:00.000+01:00,23826282.724,Demanda,pais vasco,2020
2020-02-01T00:00:00.000+01:00,20980969.957,Demanda,pais vasco,2020
2020-03-01T00:00:00.000+01:00,20926733.362,Demanda,pais vasco,2020
2020-04-01T00:00:00.000+02:00,17060911.994,Demanda,pais vasco,2020
2020-05-01T00:00:00.000+02:00,18308083.84,Demanda,pais vasco,2020
2020-06-01T00:00:00.000+02:00,19358582.116,Demanda,pais vasco,2020
2020-07-01T00:00:00.000+02:00,23194421.105,Demanda,pais vasco,2020
2020-08-01T00:00:00.000+02:00,22065111.348,Demanda,pais vasco,2020
2020-09-01T00:00:00.000+02:00,20498509.843,Demanda,pais vasco,2020
2020-10-01T00:00:00.000+02:00,20693485.205,Demanda,pais vasco,2020
2020-11-01T00:00:00.000+01:00,20698566.523,Demanda,pais vasco,2020
2020-12-01T00:00:00.000+01:00,22438961.596,Demanda,pais vasco,2020
2020-01-01T00:00:00.000+01:00,23826282.724,Demanda,principado de asturias,2020
2020-02-01T00:00:00.000+01:00,20980969.957,Demanda,principado de asturias,2020
2020-03-01T00:00:00.000+01:00,20926733.362,Demanda,principado de asturias,2020
2020-04-01T00:00:00.000+02:00,17060911.994,Demanda,principado de asturias,2020
2020-05-01T00:00:00.000+02:00,18308083.84,Demanda,principado de asturias,2020
2020-06-01T00:00:00.000+02:00,19358582.116,Demanda,principado de asturias,2020
2020-07-01T00:00:00.000+02:00,23194421.105,Demanda,principado de asturias,2020
2020-08-01T00:00:00.000+02:00,22065111.348,Demanda,principado de asturias,2020
2020-09-01T00:00:00.000+02:00,20498509.843,Demanda,principado de asturias,2020
2020-10-01T00:00:00.000+02:00,20693485.205,Demanda,principado de asturias,2020
2020-11-01T00:00:00.000+01:00,20698566.523,Demanda,principado de asturias,2020
2020-12-01T00:00:00.000+01:00,22438961.596,Demanda,principado de asturias,2020
2020-01-01T00:00:00.000+01:00,23826282.724,Demanda,comunidad de madrid,2020
2020-02-01T00:00:00.000+01:00,20980969.957,Demanda,comunidad de madrid,2020
2020-03-01T00:00:00.000+01:00,20926733.362,Demanda,comunidad de madrid,2020
2020-04-01T00:00:00.000+02:00,17060911.994,Demanda,comunidad de madrid,2020
2020-05-01T00:00:00.000+02:00,18308083.84,Demanda,comunidad de madrid,2020
2020-06-01T00:00:00.000+02:00,19358582.116,Demanda,comunidad de madrid,2020
2020-07-01T00:00:00.000+02:00,23194421.105,Demanda,comunidad de madrid,2020
2020-08-01T00:00:00.000+02:00,22065111.348,Demanda,comunidad de madrid,2020
2020-09-01T00:00:00.000+02:00,20498509.843,Demanda,comunidad de madrid,2020
2020-10-01T00:00:00.000+02:00,20693485.205,Demanda,comunidad de madrid,2020
2020-11-01T00:00:00.000+01:00,20698566.523,Demanda,comunidad de madrid,2020
2020-12-01T00:00:00.000+01:00,22438961.596,Demanda,comunidad de madrid,2020
2020-01-01T00:00:00.000+01:00,23826282.724,Demanda,comunidad de navarra,2020
2020-02-01T00:00:00.000+01:00,20980969.957,Demanda,comunidad de navarra,2020
2020-03-01T00:00:00.000+01:00,20926733.362,Demanda,comunidad de navarra,2020
2020-04-01T00:00:00.000+02:00,17060911.994,Demanda,comunidad de navarra,2020
2020-05-01T00:00:00.000+02:00,18308083.84,Demanda,comunidad de navarra,2020
2020-06-01T00:00:00.000+02:00,19358582.116,Demanda,comunidad de navarra,2020
2020-07-01T00:00:00.000+02:00,23194421.105,Demanda,comunidad de navarra,2020
2020-08-01T00:00:00.000+02:00,22065111.348,Demanda,comunidad de navarra,2020
2020-09-01T00:00:00.000+02:00,20498509.843,Demanda,comunidad de navarra,2020
2020-10-01T00:00:00.000+02:00,20693485.205,Demanda,comunidad de navarra,2020
2020-11-01T00:00:00.000+01:00,20698566.523,Demanda,comunidad de navarra,2020
2020-12-01T00:00:00.000+01:00,22438961.596,Demanda,comunidad de navarra,2020
2020-01-01T00:00:00.000+01:00,23826282.724,Demanda,comunidad de valenciana,2020
2020-02-01T00:00:00.000+01:00,20980969.957,Demanda,comunidad de valenciana,2020
2020-03-01T00:00:00.000+01:00,20926733.362,Demanda,comunidad de valenciana,2020
2020-04-01T00:00:00.000+02:00,17060911.994,Demanda,comunidad de valenciana,2020
2020-05-01T00:00:00.000+02:00,18308083.84,Demanda,comunidad de valenciana,2020
2020-06-01T00:00:00.000+02:00,19358582.116,Demanda,comunidad de valenciana,2020
2020-07-01T00:00:00.000+02:00,23194421.105,Demanda,comunidad de valenciana,2020
2020-08-01T00:00:00.000+02:00,22065111.348,Demanda,comunidad de valenciana,2020
2020-09-01T00:00:00.000+02:00,20498509.843,Demanda,comunidad de valenciana,2020
2020-10-01T00:00:00.000+02:00,20693485.205,Demanda,comunidad de valenciana,2020
2020-11-01T00:00:00.000+01:00,20698566.523,Demanda,comunidad de valenciana,2020
2020-12-01T00:00:00.000+01:00,22438961.596,Demanda,comunidad de valenciana,2020
2020-01-01T00:00:00.000+01:00,23826282.724,Demanda,extremadura,2020
2020-02-01T00:00:00.000+01:00,20980969.957,Demanda,extremadura,2020
2020-03-01T00:00:00.000+01:00,20926733.362,Demanda,extremadura,2020
2020-04-01T00:00:00.000+02:00,17060911.994,Demanda,extremadura,2020
2020-05-01T00:00:00.000+02:00,18308083.84,Demanda,extremadura,2020
2020-06-01T00:00:00.000+02:00,19358582.116,Demanda,extremadura,2020
2020-07-01T00:00:00.000+02:00,23194421.105,Demanda,extremadura,2020
2020-08-01T00:00:00.000+02:00,22065111.348,Demanda,extremadura,2020
2020-09-01T00:00:00.000+02:00,20498509.843,Demanda,extremadura,2020
2020-10-01T00:00:00.000+02:00,20693485.205,Demanda,extremadura,2020
2020-11-01T00:00:00.000+01:00,20698566.523,Demanda,extremadura,2020
2020-12-01T00:00:00.000+01:00,22438961.596,Demanda,extremadura,2020
2020-01-01T00:00:00.000+01:00,23826282.724,Demanda,galicia,2020
2020-02-01T00:00:00.000+01:00,20980969.957,Demanda,galicia,2020
2020-03-01T00:00:00.000+01:00,20926733.362,Demanda,galicia,2020
2020-04-01T00:00:00.000+02:00,17060911.994,Demanda,galicia,2020
2020-05-01T00:00:00.000+02:00,18308083.84,Demanda,galicia,2020
2020-06-01T00:00:00.000+02:00,19358582.116,Demanda,galicia,2020
2020-07-01T00:00:00.000+02:00,23194421.105,Demanda,galicia,2020
2020-08-01T00:00:00.000+02:00,22065111.348,Demanda,galicia,2020
2020-09-01T00:00:00.000+02:00,20498509.843,Demanda,galicia,2020
2020-10-01T00:00:00.000+02:00,20693485.205,Demanda,galicia,2020
2020-11-01T00:00:00.000+01:00,20698566.523,Demanda,galicia,2020
2020-12-01T00:00:00.000+01:00,22438961.596,Demanda,galicia,2020
2020-01-01T00:00:00.000+01:00,23826282.724,Demanda,la rioja,2020
2020-02-01T00:00:00.000+01:00,20980969.957,Demanda,la rioja,2020
2020-03-01T00:00:00.000+01:00,20926733.362,Demanda,la rioja,2020
2020-04-01T00:00:00.000+02:00,17060911.994,Demanda,la rioja,2020
2020-05-01T00:00:00.000+02:00,18308083.84,Demanda,la rioja,2020
2020-06-01T00:00:00.000+02:00,19358582.116,Demanda,la rioja,2020
2020-07-01T00:00:00.000+02:00,23194421.105,Demanda,la rioja,2020
2020-08-01T00:00:00.000+02:00,22065111.348,Demanda,la rioja,2020
2020-09-01T00:00:00.000+02:00,20498509.843,Demanda,la rioja,2020
2020-10-01T00:00:00.000+02:00,20693485.205,Demanda,la rioja,2020
2020-11-01T00:00:00.000+01:00,20698566.523,Demanda,la rioja,2020
2020-12-01T00:00:00.000+01:00,22438961.596,Demanda,la rioja,2020
2020-01-01T00:00:00.000+01:00,23826282.724,Demanda,region de murcia,2020
2020-02-01T00:00:00.000+01:00,20980969.957,Demanda,region de murcia,2020
2020-03-01T00:00:00.000+01:00,20926733.362,Demanda,region de murcia,2020
2020-04-01T00:00:00.000+02:00,17060911.994,Demanda,region de murcia,2020
2020-05-01T00:00:00.000+02:00,18308083.84,Demanda,region de murcia,2020
2020-06-01T00:00:00.000+02:00,19358582.116,Demanda,region de murcia,2020
2020-07-01T00:00:00.000+02:00,23194421.105,Demanda,region de murcia,2020
2020-08-01T00:00:00.000+02:00,22065111.348,Demanda,region de murcia,2020
2020-09-01T00:00:00.000+02:00,20498509.843,Demanda,region de murcia,2020
2020-10-01T00:00:00.000+02:00,20693485.205,Demanda,region de murcia,2020
2020-11-01T00:00:00.000+01:00,20698566.523,Demanda,region de murcia,2020
2020-12-01T00:00:00.000+01:00,22438961.596,Demanda,region de murcia,2020
2021-01-01T00:00:00.000+01:00,23909484.894,Demanda,peninsular,2021
2021-02-01T00:00:00.000+01:00,20182155.276,Demanda,peninsular,2021
2021-03-01T00:00:00.000+01:00,21823050.887,Demanda,peninsular,2021
2021-04-01T00:00:00.000+02:00,19940221.825,Demanda,peninsular,2021
2021-05-01T00:00:00.000+02:00,20346648.964,Demanda,peninsular,2021
2021-06-01T00:00:00.000+02:00,20728356.541,Demanda,peninsular,2021
2021-07-01T00:00:00.000+02:00,22922255.761,Demanda,peninsular,2021
2021-08-01T00:00:00.000+02:00,22059793.279,Demanda,peninsular,2021
2021-09-01T00:00:00.000+02:00,20972956.058,Demanda,peninsular,2021
2021-10-01T00:00:00.000+02:00,20197477.971,Demanda,peninsular,2021
2021-11-01T00:00:00.000+01:00,21433492.692,Demanda,peninsular,2021
2021-12-01T00:00:00.000+01:00,22029944.637,Demanda,peninsular,2021
2021-01-01T00:00:00.000+01:00,23909484.894,Demanda,canarias,2021
2021-02-01T00:00:00.000+01:00,20182155.276,Demanda,canarias,2021
2021-03-01T00:00:00.000+01:00,21823050.887,Demanda,canarias,2021
2021-04-01T00:00:00.000+02:00,19940221.825,Demanda,canarias,2021
2021-05-01T00:00:00.000+02:00,20346648.964,Demanda,canarias,2021
2021-06-01T00:00:00.000+02:00,20728356.541,Demanda,canarias,2021
2021-07-01T00:00:00.000+02:00,22922255.761,Demanda,canarias,2021
2021-08-01T00:00:00.000+02:00,22059793.279,Demanda,canarias,2021
2021-09-01T00:00:00.000+02:00,20972956.058,Demanda,canarias,2021
2021-10-01T00:00:00.000+02:00,20197477.971,Demanda,canarias,2021
2021-11-01T00:00:00.000+01:00,21433492.692,Demanda,canarias,2021
2021-12-01T00:00:00.000+01:00,22029944.637,Demanda,canarias,2021
2021-01-01T00:00:00.000+01:00,23909484.894,Demanda,baleares,2021
2021-02-01T00:00:00.000+01:00,20182155.276,Demanda,baleares,2021
2021-03-01T00:00:00.000+01:00,21823050.887,Demanda,baleares,2021
2021-04-01T00:00:00.000+02:00,19940221.825,Demanda,baleares,2021
2021-05-01T00:00:00.000+02:00,20346648.964,Demanda,baleares,2021
2021-06-01T00:00:00.000+02:00,20728356.541,Demanda,baleares,2021
2021-07-01T00:00:00.000+02:00,22922255.761,Demanda,baleares,2021
2021-08-01T00:00:00.000+02:00,22059793.279,Demanda,baleares,2021
2021-09-01T00:00:00.000+02:00,20972956.058,Demanda,baleares,2021
2021-10-01T00:00:00.000+02:00,20197477.971,Demanda,baleares,2021
2021-11-01T00:00:00.000+01:00,21433492.692,Demanda,baleares,2021
2021-12-01T00:00:00.000+01:00,22029944.637,Demanda,baleares,2021
2021-01-01T00:00:00.000+01:00,23909484.894,Demanda,ceuta,2021
2021-02-01T00:00:00.000+01:00,20182155.276,Demanda,ceuta,2021
2021-03-01T00:00:00.000+01:00,21823050.887,Demanda,ceuta,2021
2021-04-01T00:00:00.000+02:00,19940221.825,Demanda,ceuta,2021
2021-05-01T00:00:00.000+02:00,20346648.964,Demanda,ceuta,2021
2021-06-01T00:00:00.000+02:00,20728356.541,Demanda,ceuta,2021
2021-07-01T00:00:00.000+02:00,22922255.761,Demanda,ceuta,2021
2021-08-01T00:00:00.000+02:00,22059793.279,Demanda,ceuta,2021
2021-09-01T00:00:00.000+02:00,20972956.058,Demanda,ceuta,2021
2021-10-01T00:00:00.000+02:00,20197477.971,Demanda,ceuta,2021
2021-11-01T00:00:00.000+01:00,21433492.692,Demanda,ceuta,2021
2021-12-01T00:00:00.000+01:00,22029944.637,Demanda,ceuta,2021
2021-01-01T00:00:00.000+01:00,23909484.894,Demanda,melilla,2021
2021-02-01T00:00:00.000+01:00,20182155.276,Demanda,melilla,2021
2021-03-01T00:00:00.000+01:00,21823050.887,Demanda,melilla,2021
2021-04-01T00:00:00.000+02:00,19940221.825,Demanda,melilla,2021
2021-05-01T00:00:00.000+02:00,20346648.964,Demanda,melilla,2021
2021-06-01T00:00:00.000+02:00,20728356.541,Demanda,melilla,2021
2021-07-01T00:00:00.000+02:00,22922255.761,Demanda,melilla,2021
2021-08-01T00:00:00.000+02:00,22059793.279,Demanda,melilla,2021
2021-09-01T00:00:00.000+02:00,20972956.058,Demanda,melilla,2021
2021-10-01T00:00:00.000+02:00,20197477.971,Demanda,melilla,2021
2021-11-01T00:00:00.000+01:00,21433492.692,Demanda,melilla,2021
2021-12-01T00:00:00.000+01:00,22029944.637,Demanda,melilla,2021
2021-01-01T00:00:00.000+01:00,23909484.894,Demanda,andalucia,2021
2021-02-01T00:00:00.000+01:00,20182155.276,Demanda,andalucia,2021
2021-03-01T00:00:00.000+01:00,21823050.887,Demanda,andalucia,2021
2021-04-01T00:00:00.000+02:00,19940221.825,Demanda,andalucia,2021
2021-05-01T00:00:00.000+02:00,20346648.964,Demanda,andalucia,2021
2021-06-01T00:00:00.000+02:00,20728356.541,Demanda,andalucia,2021
2021-07-01T00:00:00.000+02:00,22922255.761,Demanda,andalucia,2021
2021-08-01T00:00:00.000+02:00,22059793.279,Demanda,andalucia,2021
2021-09-01T00:00:00.000+02:00,20972956.058,Demanda,andalucia,2021
2021-10-01T00:00:00.000+02:00,20197477.971,Demanda,andalucia,2021
2021-11-01T00:00:00.000+01:00,21433492.692,Demanda,andalucia,2021
2021-12-01T00:00:00.000+01:00,22029944.637,Demanda,andalucia,2021
2021-01-01T00:00:00.000+01:00,23909484.894,Demanda,aragon,2021
2021-02-01T00:00:00.000+01:00,20182155.276,Demanda,aragon,2021
2021-03-01T00:00:00.000+01:00,21823050.887,Demanda,aragon,2021
2021-04-01T00:00:00.000+02:00,19940221.825,Demanda,aragon,2021
2021-05-01T00:00:00.000+02:00,20346648.964,Demanda,aragon,2021
2021-06-01T00:00:00.000+02:00,20728356.541,Demanda,aragon,2021
2021-07-01T00:00:00.000+02:00,22922255.761,Demanda,aragon,2021
2021-08-01T00:00:00.000+02:00,22059793.279,Demanda,aragon,2021
2021-09-01T00:00:00.000+02:00,20972956.058,Demanda,aragon,2021
2021-10-01T00:00:00.000+02:00,20197477.971,Demanda,aragon,2021
2021-11-01T00:00:00.000+01:00,21433492.692,Demanda,aragon,2021
2021-12-01T00:00:00.000+01:00,22029944.637,Demanda,aragon,2021
2021-01-01T00:00:00.000+01:00,23909484.894,Demanda,cantabria,2021
2021-02-01T00:00:00.000+01:00,20182155.276,Demanda,cantabria,2021
2021-03-01T00:00:00.000+01:00,21823050.887,Demanda,cantabria,2021
2021-04-01T00:00:00.000+02:00,19940221.825,Demanda,cantabria,2021
2021-05-01T00:00:00.000+02:00,20346648.964,Demanda,cantabria,2021
2021-06-01T00:00:00.000+02:00,20728356.541,Demanda,cantabria,2021
2021-07-01T00:00:00.000+02:00,22922255.761,Demanda,cantabria,2021
2021-08-01T00:00:00.000+02:00,22059793.279,Demanda,cantabria,2021
2021-09-01T00:00:00.000+02:00,20972956.058,Demanda,cantabria,2021
2021-10-01T00:00:00.000+02:00,20197477.971,Demanda,cantabria,2021
2021-11-01T00:00:00.000+01:00,21433492.692,Demanda,cantabria,2021
2021-12-01T00:00:00.000+01:00,22029944.637,Demanda,cantabria,2021
2021-01-01T00:00:00.000+01:00,23909484.894,Demanda,castilla la mancha,2021
2021-02-01T00:00:00.000+01:00,20182155.276,Demanda,castilla la mancha,2021
2021-03-01T00:00:00.000+01:00,21823050.887,Demanda,castilla la mancha,2021
2021-04-01T00:00:00.000+02:00,19940221.825,Demanda,castilla la mancha,2021
2021-05-01T00:00:00.000+02:00,20346648.964,Demanda,castilla la mancha,2021
2021-06-01T00:00:00.000+02:00,20728356.541,Demanda,castilla la mancha,2021
2021-07-01T00:00:00.000+02:00,22922255.761,Demanda,castilla la mancha,2021
2021-08-01T00:00:00.000+02:00,22059793.279,Demanda,castilla la mancha,2021
2021-09-01T00:00:00.000+02:00,20972956.058,Demanda,castilla la mancha,2021
2021-10-01T00:00:00.000+02:00,20197477.971,Demanda,castilla la mancha,2021
2021-11-01T00:00:00.000+01:00,21433492.692,Demanda,castilla la mancha,2021
2021-12-01T00:00:00.000+01:00,22029944.637,Demanda,castilla la mancha,2021
2021-01-01T00:00:00.000+01:00,23909484.894,Demanda,castilla y leon,2021
2021-02-01T00:00:00.000+01:00,20182155.276,Demanda,castilla y leon,2021
2021-03-01T00:00:00.000+01:00,21823050.887,Demanda,castilla y leon,2021
2021-04-01T00:00:00.000+02:00,19940221.825,Demanda,castilla y leon,2021
2021-05-01T00:00:00.000+02:00,20346648.964,Demanda,castilla y leon,2021
2021-06-01T00:00:00.000+02:00,20728356.541,Demanda,castilla y leon,2021
2021-07-01T00:00:00.000+02:00,22922255.761,Demanda,castilla y leon,2021
2021-08-01T00:00:00.000+02:00,22059793.279,Demanda,castilla y leon,2021
2021-09-01T00:00:00.000+02:00,20972956.058,Demanda,castilla y leon,2021
2021-10-01T00:00:00.000+02:00,20197477.971,Demanda,castilla y leon,2021
2021-11-01T00:00:00.000+01:00,21433492.692,Demanda,castilla y leon,2021
2021-12-01T00:00:00.000+01:00,22029944.637,Demanda,castilla y leon,2021
2021-01-01T00:00:00.000+01:00,23909484.894,Demanda,cataluña,2021
2021-02-01T00:00:00.000+01:00,20182155.276,Demanda,cataluña,2021
2021-03-01T00:00:00.000+01:00,21823050.887,Demanda,cataluña,2021
2021-04-01T00:00:00.000+02:00,19940221.825,Demanda,cataluña,2021
2021-05-01T00:00:00.000+02:00,20346648.964,Demanda,cataluña,2021
2021-06-01T00:00:00.000+02:00,20728356.541,Demanda,cataluña,2021
2021-07-01T00:00:00.000+02:00,22922255.761,Demanda,cataluña,2021
2021-08-01T00:00:00.000+02:00,22059793.279,Demanda,cataluña,2021
2021-09-01T00:00:00.000+02:00,20972956.058,Demanda,cataluña,2021
2021-10-01T00:00:00.000+02:00,20197477.971,Demanda,cataluña,2021
2021-11-01T00:00:00.000+01:00,21433492.692,Demanda,cataluña,2021
2021-12-01T00:00:00.000+01:00,22029944.637,Demanda,cataluña,2021
2021-01-01T00:00:00.000+01:00,23909484.894,Demanda,pais vasco,2021
2021-02-01T00:00:00.000+01:00,20182155.276,Demanda,pais vasco,2021
2021-03-01T00:00:00.000+01:00,21823050.887,Demanda,pais vasco,2021
2021-04-01T00:00:00.000+02:00,19940221.825,Demanda,pais vasco,2021
2021-05-01T00:00:00.000+02:00,20346648.964,Demanda,pais vasco,2021
2021-06-01T00:00:00.000+02:00,20728356.541,Demanda,pais vasco,2021
2021-07-01T00:00:00.000+02:00,22922255.761,Demanda,pais vasco,2021
2021-08-01T00:00:00.000+02:00,22059793.279,Demanda,pais vasco,2021
2021-09-01T00:00:00.000+02:00,20972956.058,Demanda,pais vasco,2021
2021-10-01T00:00:00.000+02:00,20197477.971,Demanda,pais vasco,2021
2021-11-01T00:00:00.000+01:00,21433492.692,Demanda,pais vasco,2021
2021-12-01T00:00:00.000+01:00,22029944.637,Demanda,pais vasco,2021
2021-01-01T00:00:00.000+01:00,23909484.894,Demanda,principado de asturias,2021
2021-02-01T00:00:00.000+01:00,20182155.276,Demanda,principado de asturias,2021
2021-03-01T00:00:00.000+01:00,21823050.887,Demanda,principado de asturias,2021
2021-04-01T00:00:00.000+02:00,19940221.825,Demanda,principado de asturias,2021
2021-05-01T00:00:00.000+02:00,20346648.964,Demanda,principado de asturias,2021
2021-06-01T00:00:00.000+02:00,20728356.541,Demanda,principado de asturias,2021
2021-07-01T00:00:00.000+02:00,22922255.761,Demanda,principado de asturias,2021
2021-08-01T00:00:00.000+02:00,22059793.279,Demanda,principado de asturias,2021
2021-09-01T00:00:00.000+02:00,20972956.058,Demanda,principado de asturias,2021
2021-10-01T00:00:00.000+02:00,20197477.971,Demanda,principado de asturias,2021
2021-11-01T00:00:00.000+01:00,21433492.692,Demanda,principado de asturias,2021
2021-12-01T00:00:00.000+01:00,22029944.637,Demanda,principado de asturias,2021
2021-01-01T00:00:00.000+01:00,23909484.894,Demanda,comunidad de madrid,2021
2021-02-01T00:00:00.000+01:00,20182155.276,Demanda,comunidad de madrid,2021
2021-03-01T00:00:00.000+01:00,21823050.887,Demanda,comunidad de madrid,2021
2021-04-01T00:00:00.000+02:00,19940221.825,Demanda,comunidad de madrid,2021
2021-05-01T00:00:00.000+02:00,20346648.964,Demanda,comunidad de madrid,2021
2021-06-01T00:00:00.000+02:00,20728356.541,Demanda,comunidad de madrid,2021
2021-07-01T00:00:00.000+02:00,22922255.761,Demanda,comunidad de madrid,2021
2021-08-01T00:00:00.000+02:00,22059793.279,Demanda,comunidad de madrid,2021
2021-09-01T00:00:00.000+02:00,20972956.058,Demanda,comunidad de madrid,2021
2021-10-01T00:00:00.000+02:00,20197477.971,Demanda,comunidad de madrid,2021
2021-11-01T00:00:00.000+01:00,21433492.692,Demanda,comunidad de madrid,2021
2021-12-01T00:00:00.000+01:00,22029944.637,Demanda,comunidad de madrid,2021
2021-01-01T00:00:00.000+01:00,23909484.894,Demanda,comunidad de navarra,2021
2021-02-01T00:00:00.000+01:00,20182155.276,Demanda,comunidad de navarra,2021
2021-03-01T00:00:00.000+01:00,21823050.887,Demanda,comunidad de navarra,2021
2021-04-01T00:00:00.000+02:00,19940221.825,Demanda,comunidad de navarra,2021
2021-05-01T00:00:00.000+02:00,20346648.964,Demanda,comunidad de navarra,2021
2021-06-01T00:00:00.000+02:00,20728356.541,Demanda,comunidad de navarra,2021
2021-07-01T00:00:00.000+02:00,22922255.761,Demanda,comunidad de navarra,2021
2021-08-01T00:00:00.000+02:00,22059793.279,Demanda,comunidad de navarra,2021
2021-09-01T00:00:00.000+02:00,20972956.058,Demanda,comunidad de navarra,2021
2021-10-01T00:00:00.000+02:00,20197477.971,Demanda,comunidad de navarra,2021
2021-11-01T00:00:00.000+01:00,21433492.692,Demanda,comunidad de navarra,2021
2021-12-01T00:00:00.000+01:00,22029944.637,Demanda,comunidad de navarra,2021
2021-01-01T00:00:00.000+01:00,23909484.894,Demanda,comunidad de valenciana,2021
2021-02-01T00:00:00.000+01:00,20182155.276,Demanda,comunidad de valenciana,2021
2021-03-01T00:00:00.000+01:00,21823050.887,Demanda,comunidad de valenciana,2021
2021-04-01T00:00:00.000+02:00,19940221.825,Demanda,comunidad de valenciana,2021
2021-05-01T00:00:00.000+02:00,20346648.964,Demanda,comunidad de valenciana,2021
2021-06-01T00:00:00.000+02:00,20728356.541,Demanda,comunidad de valenciana,2021
2021-07-01T00:00:00.000+02:00,22922255.761,Demanda,comunidad de valenciana,2021
2021-08-01T00:00:00.000+02:00,22059793.279,Demanda,comunidad de valenciana,2021
2021-09-01T00:00:00.000+02:00,20972956.058,Demanda,comunidad de valenciana,2021
2021-10-01T00:00:00.000+02:00,20197477.971,Demanda,comunidad de valenciana,2021
2021-11-01T00:00:00.000+01:00,21433492.692,Demanda,comunidad de valenciana,2021
2021-12-01T00:00:00.000+01:00,22029944.637,Demanda,comunidad de valenciana,2021
2021-01-01T00:00:00.000+01:00,23909484.894,Demanda,extremadura,2021
2021-02-01T00:00:00.000+01:00,20182155.276,Demanda,extremadura,2021
2021-03-01T00:00:00.000+01:00,21823050.887,Demanda,extremadura,2021
2021-04-01T00:00:00.000+02:00,19940221.825,Demanda,extremadura,2021
2021-05-01T00:00:00.000+02:00,20346648.964,Demanda,extremadura,2021
2021-06-01T00:00:00.000+02:00,20728356.541,Demanda,extremadura,2021
2021-07-01T00:00:00.000+02:00,22922255.761,Demanda,extremadura,2021
2021-08-01T00:00:00.000+02:00,22059793.279,Demanda,extremadura,2021
2021-09-01T00:00:00.000+02:00,20972956.058,Demanda,extremadura,2021
2021-10-01T00:00:00.000+02:00,20197477.971,Demanda,extremadura,2021
2021-11-01T00:00:00.000+01:00,21433492.692,Demanda,extremadura,2021
2021-12-01T00:00:00.000+01:00,22029944.637,Demanda,extremadura,2021
2021-01-01T00:00:00.000+01:00,23909484.894,Demanda,galicia,2021
2021-02-01T00:00:00.000+01:00,20182155.276,Demanda,galicia,2021
2021-03-01T00:00:00.000+01:00,21823050.887,Demanda,galicia,2021
2021-04-01T00:00:00.000+02:00,19940221.825,Demanda,galicia,2021
2021-05-01T00:00:00.000+02:00,20346648.964,Demanda,galicia,2021
2021-06-01T00:00:00.000+02:00,20728356.541,Demanda,galicia,2021
2021-07-01T00:00:00.000+02:00,22922255.761,Demanda,galicia,2021
2021-08-01T00:00:00.000+02:00,22059793.279,Demanda,galicia,2021
2021-09-01T00:00:00.000+02:00,20972956.058,Demanda,galicia,2021
2021-10-01T00:00:00.000+02:00,20197477.971,Demanda,galicia,2021
2021-11-01T00:00:00.000+01:00,21433492.692,Demanda,galicia,2021
2021-12-01T00:00:00.000+01:00,22029944.637,Demanda,galicia,2021
2021-01-01T00:00:00.000+01:00,23909484.894,Demanda,la rioja,2021
2021-02-01T00:00:00.000+01:00,20182155.276,Demanda,la rioja,2021
2021-03-01T00:00:00.000+01:00,21823050.887,Demanda,la rioja,2021
2021-04-01T00:00:00.000+02:00,19940221.825,Demanda,la rioja,2021
2021-05-01T00:00:00.000+02:00,20346648.964,Demanda,la rioja,2021
2021-06-01T00:00:00.000+02:00,20728356.541,Demanda,la rioja,2021
2021-07-01T00:00:00.000+02:00,22922255.761,Demanda,la rioja,2021
2021-08-01T00:00:00.000+02:00,22059793.279,Demanda,la rioja,2021
2021-09-01T00:00:00.000+02:00,20972956.058,Demanda,la rioja,2021
2021-10-01T00:00:00.000+02:00,20197477.971,Demanda,la rioja,2021
2021-11-01T00:00:00.000+01:00,21433492.692,Demanda,la rioja,2021
2021-12-01T00:00:00.000+01:00,22029944.637,Demanda,la rioja,2021
2021-01-01T00:00:00.000+01:00,23909484.894,Demanda,region de murcia,2021
2021-02-01T00:00:00.000+01:00,20182155.276,Demanda,region de murcia,2021
2021-03-01T00:00:00.000+01:00,21823050.887,Demanda,region de murcia,2021
2021-04-01T00:00:00.000+02:00,19940221.825,Demanda,region de murcia,2021
2021-05-01T00:00:00.000+02:00,20346648.964,Demanda,region de murcia,2021
2021-06-01T00:00:00.000+02:00,20728356.541,Demanda,region de murcia,2021
2021-07-01T00:00:00.000+02:00,22922255.761,Demanda,region de murcia,2021
2021-08-01T00:00:00.000+02:00,22059793.279,Demanda,region de murcia,2021
2021-09-01T00:00:00.000+02:00,20972956.058,Demanda,region de murcia,2021
2021-10-01T00:00:00.000+02:00,20197477.971,Demanda,region de murcia,2021
2021-11-01T00:00:00.000+01:00,21433492.692,Demanda,region de murcia,2021
2021-12-01T00:00:00.000+01:00,22029944.637,Demanda,region de murcia,2021
2022-01-01T00:00:00.000+01:00,22729295.932,Demanda,peninsular,2022
2022-02-01T00:00:00.000+01:00,20168155.371,Demanda,peninsular,2022
2022-03-01T00:00:00.000+01:00,21475748.762,Demanda,peninsular,2022
2022-04-01T00:00:00.000+02:00,19589011.223,Demanda,peninsular,2022
2022-05-01T00:00:00.000+02:00,20301232.67,Demanda,peninsular,2022
2022-06-01T00:00:00.000+02:00,21330346.609,Demanda,peninsular,2022
2022-07-01T00:00:00.000+02:00,23635939.166,Demanda,peninsular,2022
2022-08-01T00:00:00.000+02:00,22009668.436,Demanda,peninsular,2022
2022-09-01T00:00:00.000+02:00,20311958.98,Demanda,peninsular,2022
2022-10-01T00:00:00.000+02:00,19330113.115,Demanda,peninsular,2022
2022-11-01T00:00:00.000+01:00,19301765.718,Demanda,peninsular,2022
2022-12-01T00:00:00.000+01:00,20287656.712,Demanda,peninsular,2022
2022-01-01T00:00:00.000+01:00,22729295.932,Demanda,canarias,2022
2022-02-01T00:00:00.000+01:00,20168155.371,Demanda,canarias,2022
2022-03-01T00:00:00.000+01:00,21475748.762,Demanda,canarias,2022
2022-04-01T00:00:00.000+02:00,19589011.223,Demanda,canarias,2022
2022-05-01T00:00:00.000+02:00,20301232.67,Demanda,canarias,2022
2022-06-01T00:00:00.000+02:00,21330346.609,Demanda,canarias,2022
2022-07-01T00:00:00.000+02:00,23635939.166,Demanda,canarias,2022
2022-08-01T00:00:00.000+02:00,22009668.436,Demanda,canarias,2022
2022-09-01T00:00:00.000+02:00,20311958.98,Demanda,canarias,2022
2022-10-01T00:00:00.000+02:00,19330113.115,Demanda,canarias,2022
2022-11-01T00:00:00.000+01:00,19301765.718,Demanda,canarias,2022
2022-12-01T00:00:00.000+01:00,20287656.712,Demanda,canarias,2022
2022-01-01T00:00:00.000+01:00,22729295.932,Demanda,baleares,2022
2022-02-01T00:00:00.000+01:00,20168155.371,Demanda,baleares,2022
2022-03-01T00:00:00.000+01:00,21475748.762,Demanda,baleares,2022
2022-04-01T00:00:00.000+02:00,19589011.223,Demanda,baleares,2022
2022-05-01T00:00:00.000+02:00,20301232.67,Demanda,baleares,2022
2022-06-01T00:00:00.000+02:00,21330346.609,Demanda,baleares,2022
2022-07-01T00:00:00.000+02:00,23635939.166,Demanda,baleares,2022
2022-08-01T00:00:00.000+02:00,22009668.436,Demanda,baleares,2022
2022-09-01T00:00:00.000+02:00,20311958.98,Demanda,baleares,2022
2022-10-01T00:00:00.000+02:00,19330113.115,Demanda,baleares,2022
2022-11-01T00:00:00.000+01:00,19301765.718,Demanda,baleares,2022
2022-12-01T00:00:00.000+01:00,20287656.712,Demanda,baleares,2022
2022-01-01T00:00:00.000+01:00,22729295.932,Demanda,ceuta,2022
2022-02-01T00:00:00.000+01:00,20168155.371,Demanda,ceuta,2022
2022-03-01T00:00:00.000+01:00,21475748.762,Demanda,ceuta,2022
2022-04-01T00:00:00.000+02:00,19589011.223,Demanda,ceuta,2022
2022-05-01T00:00:00.000+02:00,20301232.67,Demanda,ceuta,2022
2022-06-01T00:00:00.000+02:00,21330346.609,Demanda,ceuta,2022
2022-07-01T00:00:00.000+02:00,23635939.166,Demanda,ceuta,2022
2022-08-01T00:00:00.000+02:00,22009668.436,Demanda,ceuta,2022
2022-09-01T00:00:00.000+02:00,20311958.98,Demanda,ceuta,2022
2022-10-01T00:00:00.000+02:00,19330113.115,Demanda,ceuta,2022
2022-11-01T00:00:00.000+01:00,19301765.718,Demanda,ceuta,2022
2022-12-01T00:00:00.000+01:00,20287656.712,Demanda,ceuta,2022
2022-01-01T00:00:00.000+01:00,22729295.932,Demanda,melilla,2022
2022-02-01T00:00:00.000+01:00,20168155.371,Demanda,melilla,2022
2022-03-01T00:00:00.000+01:00,21475748.762,Demanda,melilla,2022
2022-04-01T00:00:00.000+02:00,19589011.223,Demanda,melilla,2022
2022-05-01T00:00:00.000+02:00,20301232.67,Demanda,melilla,2022
2022-06-01T00:00:00.000+02:00,21330346.609,Demanda,melilla,2022
2022-07-01T00:00:00.000+02:00,23635939.166,Demanda,melilla,2022
2022-08-01T00:00:00.000+02:00,22009668.436,Demanda,melilla,2022
2022-09-01T00:00:00.000+02:00,20311958.98,Demanda,melilla,2022
2022-10-01T00:00:00.000+02:00,19330113.115,Demanda,melilla,2022
2022-11-01T00:00:00.000+01:00,19301765.718,Demanda,melilla,2022
2022-12-01T00:00:00.000+01:00,20287656.712,Demanda,melilla,2022
2022-01-01T00:00:00.000+01:00,22729295.932,Demanda,andalucia,2022
2022-02-01T00:00:00.000+01:00,20168155.371,Demanda,andalucia,2022
2022-03-01T00:00:00.000+01:00,21475748.762,Demanda,andalucia,2022
2022-04-01T00:00:00.000+02:00,19589011.223,Demanda,andalucia,2022
2022-05-01T00:00:00.000+02:00,20301232.67,Demanda,andalucia,2022
2022-06-01T00:00:00.000+02:00,21330346.609,Demanda,andalucia,2022
2022-07-01T00:00:00.000+02:00,23635939.166,Demanda,andalucia,2022
2022-08-01T00:00:00.000+02:00,22009668.436,Demanda,andalucia,2022
2022-09-01T00:00:00.000+02:00,20311958.98,Demanda,andalucia,2022
2022-10-01T00:00:00.000+02:00,19330113.115,Demanda,andalucia,2022
2022-11-01T00:00:00.000+01:00,19301765.718,Demanda,andalucia,2022
2022-12-01T00:00:00.000+01:00,20287656.712,Demanda,andalucia,2022
2022-01-01T00:00:00.000+01:00,22729295.932,Demanda,aragon,2022
2022-02-01T00:00:00.000+01:00,20168155.371,Demanda,aragon,2022
2022-03-01T00:00:00.000+01:00,21475748.762,Demanda,aragon,2022
2022-04-01T00:00:00.000+02:00,19589011.223,Demanda,aragon,2022
2022-05-01T00:00:00.000+02:00,20301232.67,Demanda,aragon,2022
2022-06-01T00:00:00.000+02:00,21330346.609,Demanda,aragon,2022
2022-07-01T00:00:00.000+02:00,23635939.166,Demanda,aragon,2022
2022-08-01T00:00:00.000+02:00,22009668.436,Demanda,aragon,2022
2022-09-01T00:00:00.000+02:00,20311958.98,Demanda,aragon,2022
2022-10-01T00:00:00.000+02:00,19330113.115,Demanda,aragon,2022
2022-11-01T00:00:00.000+01:00,19301765.718,Demanda,aragon,2022
2022-12-01T00:00:00.000+01:00,20287656.712,Demanda,aragon,2022
2022-01-01T00:00:00.000+01:00,22729295.932,Demanda,cantabria,2022
2022-02-01T00:00:00.000+01:00,20168155.371,Demanda,cantabria,2022
2022-03-01T00:00:00.000+01:00,21475748.762,Demanda,cantabria,2022
2022-04-01T00:00:00.000+02:00,19589011.223,Demanda,cantabria,2022
2022-05-01T00:00:00.000+02:00,20301232.67,Demanda,cantabria,2022
2022-06-01T00:00:00.000+02:00,21330346.609,Demanda,cantabria,2022
2022-07-01T00:00:00.000+02:00,23635939.166,Demanda,cantabria,2022
2022-08-01T00:00:00.000+02:00,22009668.436,Demanda,cantabria,2022
2022-09-01T00:00:00.000+02:00,20311958.98,Demanda,cantabria,2022
2022-10-01T00:00:00.000+02:00,19330113.115,Demanda,cantabria,2022
2022-11-01T00:00:00.000+01:00,19301765.718,Demanda,cantabria,2022
2022-12-01T00:00:00.000+01:00,20287656.712,Demanda,cantabria,2022
2022-01-01T00:00:00.000+01:00,22729295.932,Demanda,castilla la mancha,2022
2022-02-01T00:00:00.000+01:00,20168155.371,Demanda,castilla la mancha,2022
2022-03-01T00:00:00.000+01:00,21475748.762,Demanda,castilla la mancha,2022
2022-04-01T00:00:00.000+02:00,19589011.223,Demanda,castilla la mancha,2022
2022-05-01T00:00:00.000+02:00,20301232.67,Demanda,castilla la mancha,2022
2022-06-01T00:00:00.000+02:00,21330346.609,Demanda,castilla la mancha,2022
2022-07-01T00:00:00.000+02:00,23635939.166,Demanda,castilla la mancha,2022
2022-08-01T00:00:00.000+02:00,22009668.436,Demanda,castilla la mancha,2022
2022-09-01T00:00:00.000+02:00,20311958.98,Demanda,castilla la mancha,2022
2022-10-01T00:00:00.000+02:00,19330113.115,Demanda,castilla la mancha,2022
2022-11-01T00:00:00.000+01:00,19301765.718,Demanda,castilla la mancha,2022
2022-12-01T00:00:00.000+01:00,20287656.712,Demanda,castilla la mancha,2022
2022-01-01T00:00:00.000+01:00,22729295.932,Demanda,castilla y leon,2022
2022-02-01T00:00:00.000+01:00,20168155.371,Demanda,castilla y leon,2022
2022-03-01T00:00:00.000+01:00,21475748.762,Demanda,castilla y leon,2022
2022-04-01T00:00:00.000+02:00,19589011.223,Demanda,castilla y leon,2022
2022-05-01T00:00:00.000+02:00,20301232.67,Demanda,castilla y leon,2022
2022-06-01T00:00:00.000+02:00,21330346.609,Demanda,castilla y leon,2022
2022-07-01T00:00:00.000+02:00,23635939.166,Demanda,castilla y leon,2022
2022-08-01T00:00:00.000+02:00,22009668.436,Demanda,castilla y leon,2022
2022-09-01T00:00:00.000+02:00,20311958.98,Demanda,castilla y leon,2022
2022-10-01T00:00:00.000+02:00,19330113.115,Demanda,castilla y leon,2022
2022-11-01T00:00:00.000+01:00,19301765.718,Demanda,castilla y leon,2022
2022-12-01T00:00:00.000+01:00,20287656.712,Demanda,castilla y leon,2022
2022-01-01T00:00:00.000+01:00,22729295.932,Demanda,cataluña,2022
2022-02-01T00:00:00.000+01:00,20168155.371,Demanda,cataluña,2022
2022-03-01T00:00:00.000+01:00,21475748.762,Demanda,cataluña,2022
2022-04-01T00:00:00.000+02:00,19589011.223,Demanda,cataluña,2022
2022-05-01T00:00:00.000+02:00,20301232.67,Demanda,cataluña,2022
2022-06-01T00:00:00.000+02:00,21330346.609,Demanda,cataluña,2022
2022-07-01T00:00:00.000+02:00,23635939.166,Demanda,cataluña,2022
2022-08-01T00:00:00.000+02:00,22009668.436,Demanda,cataluña,2022
2022-09-01T00:00:00.000+02:00,20311958.98,Demanda,cataluña,2022
2022-10-01T00:00:00.000+02:00,19330113.115,Demanda,cataluña,2022
2022-11-01T00:00:00.000+01:00,19301765.718,Demanda,cataluña,2022
2022-12-01T00:00:00.000+01:00,20287656.712,Demanda,cataluña,2022
2022-01-01T00:00:00.000+01:00,22729295.932,Demanda,pais vasco,2022
2022-02-01T00:00:00.000+01:00,20168155.371,Demanda,pais vasco,2022
2022-03-01T00:00:00.000+01:00,21475748.762,Demanda,pais vasco,2022
2022-04-01T00:00:00.000+02:00,19589011.223,Demanda,pais vasco,2022
2022-05-01T00:00:00.000+02:00,20301232.67,Demanda,pais vasco,2022
2022-06-01T00:00:00.000+02:00,21330346.609,Demanda,pais vasco,2022
2022-07-01T00:00:00.000+02:00,23635939.166,Demanda,pais vasco,2022
2022-08-01T00:00:00.000+02:00,22009668.436,Demanda,pais vasco,2022
2022-09-01T00:00:00.000+02:00,20311958.98,Demanda,pais vasco,2022
2022-10-01T00:00:00.000+02:00,19330113.115,Demanda,pais vasco,2022
2022-11-01T00:00:00.000+01:00,19301765.718,Demanda,pais vasco,2022
2022-12-01T00:00:00.000+01:00,20287656.712,Demanda,pais vasco,2022
2022-01-01T00:00:00.000+01:00,22729295.932,Demanda,principado de asturias,2022
2022-02-01T00:00:00.000+01:00,20168155.371,Demanda,principado de asturias,2022
2022-03-01T00:00:00.000+01:00,21475748.762,Demanda,principado de asturias,2022
2022-04-01T00:00:00.000+02:00,19589011.223,Demanda,principado de asturias,2022
2022-05-01T00:00:00.000+02:00,20301232.67,Demanda,principado de asturias,2022
2022-06-01T00:00:00.000+02:00,21330346.609,Demanda,principado de asturias,2022
2022-07-01T00:00:00.000+02:00,23635939.166,Demanda,principado de asturias,2022
2022-08-01T00:00:00.000+02:00,22009668.436,Demanda,principado de asturias,2022
2022-09-01T00:00:00.000+02:00,20311958.98,Demanda,principado de asturias,2022
2022-10-01T00:00:00.000+02:00,19330113.115,Demanda,principado de asturias,2022
2022-11-01T00:00:00.000+01:00,19301765.718,Demanda,principado de asturias,2022
2022-12-01T00:00:00.000+01:00,20287656.712,Demanda,principado de asturias,2022
2022-01-01T00:00:00.000+01:00,22729295.932,Demanda,comunidad de madrid,2022
2022-02-01T00:00:00.000+01:00,20168155.371,Demanda,comunidad de madrid,2022
2022-03-01T00:00:00.000+01:00,21475748.762,Demanda,comunidad de madrid,2022
2022-04-01T00:00:00.000+02:00,19589011.223,Demanda,comunidad de madrid,2022
2022-05-01T00:00:00.000+02:00,20301232.67,Demanda,comunidad de madrid,2022
2022-06-01T00:00:00.000+02:00,21330346.609,Demanda,comunidad de madrid,2022
2022-07-01T00:00:00.000+02:00,23635939.166,Demanda,comunidad de madrid,2022
2022-08-01T00:00:00.000+02:00,22009668.436,Demanda,comunidad de madrid,2022
2022-09-01T00:00:00.000+02:00,20311958.98,Demanda,comunidad de madrid,2022
2022-10-01T00:00:00.000+02:00,19330113.115,Demanda,comunidad de madrid,2022
2022-11-01T00:00:00.000+01:00,19301765.718,Demanda,comunidad de madrid,2022
2022-12-01T00:00:00.000+01:00,20287656.712,Demanda,comunidad de madrid,2022
2022-01-01T00:00:00.000+01:00,22729295.932,Demanda,comunidad de navarra,2022
2022-02-01T00:00:00.000+01:00,20168155.371,Demanda,comunidad de navarra,2022
2022-03-01T00:00:00.000+01:00,21475748.762,Demanda,comunidad de navarra,2022
2022-04-01T00:00:00.000+02:00,19589011.223,Demanda,comunidad de navarra,2022
2022-05-01T00:00:00.000+02:00,20301232.67,Demanda,comunidad de navarra,2022
2022-06-01T00:00:00.000+02:00,21330346.609,Demanda,comunidad de navarra,2022
2022-07-01T00:00:00.000+02:00,23635939.166,Demanda,comunidad de navarra,2022
2022-08-01T00:00:00.000+02:00,22009668.436,Demanda,comunidad de navarra,2022
2022-09-01T00:00:00.000+02:00,20311958.98,Demanda,comunidad de navarra,2022
2022-10-01T00:00:00.000+02:00,19330113.115,Demanda,comunidad de navarra,2022
2022-11-01T00:00:00.000+01:00,19301765.718,Demanda,comunidad de navarra,2022
2022-12-01T00:00:00.000+01:00,20287656.712,Demanda,comunidad de navarra,2022
2022-01-01T00:00:00.000+01:00,22729295.932,Demanda,comunidad de valenciana,2022
2022-02-01T00:00:00.000+01:00,20168155.371,Demanda,comunidad de valenciana,2022
2022-03-01T00:00:00.000+01:00,21475748.762,Demanda,comunidad de valenciana,2022
2022-04-01T00:00:00.000+02:00,19589011.223,Demanda,comunidad de valenciana,2022
2022-05-01T00:00:00.000+02:00,20301232.67,Demanda,comunidad de valenciana,2022
2022-06-01T00:00:00.000+02:00,21330346.609,Demanda,comunidad de valenciana,2022
2022-07-01T00:00:00.000+02:00,23635939.166,Demanda,comunidad de valenciana,2022
2022-08-01T00:00:00.000+02:00,22009668.436,Demanda,comunidad de valenciana,2022
2022-09-01T00:00:00.000+02:00,20311958.98,Demanda,comunidad de valenciana,2022
2022-10-01T00:00:00.000+02:00,19330113.115,Demanda,comunidad de valenciana,2022
2022-11-01T00:00:00.000+01:00,19301765.718,Demanda,comunidad de valenciana,2022
2022-12-01T00:00:00.000+01:00,20287656.712,Demanda,comunidad de valenciana,2022
2022-01-01T00:00:00.000+01:00,22729295.932,Demanda,extremadura,2022
2022-02-01T00:00:00.000+01:00,20168155.371,Demanda,extremadura,2022
2022-03-01T00:00:00.000+01:00,21475748.762,Demanda,extremadura,2022
2022-04-01T00:00:00.000+02:00,19589011.223,Demanda,extremadura,2022
2022-05-01T00:00:00.000+02:00,20301232.67,Demanda,extremadura,2022
2022-06-01T00:00:00.000+02:00,21330346.609,Demanda,extremadura,2022
2022-07-01T00:00:00.000+02:00,23635939.166,Demanda,extremadura,2022
2022-08-01T00:00:00.000+02:00,22009668.436,Demanda,extremadura,2022
2022-09-01T00:00:00.000+02:00,20311958.98,Demanda,extremadura,2022
2022-10-01T00:00:00.000+02:00,19330113.115,Demanda,extremadura,2022
2022-11-01T00:00:00.000+01:00,19301765.718,Demanda,extremadura,2022
2022-12-01T00:00:00.000+01:00,20287656.712,Demanda,extremadura,2022
2022-01-01T00:00:00.000+01:00,22729295.932,Demanda,galicia,2022
2022-02-01T00:00:00.000+01:00,20168155.371,Demanda,galicia,2022
2022-03-01T00:00:00.000+01:00,21475748.762,Demanda,galicia,2022
2022-04-01T00:00:00.000+02:00,19589011.223,Demanda,galicia,2022
2022-05-01T00:00:00.000+02:00,20301232.67,Demanda,galicia,2022
2022-06-01T00:00:00.000+02:00,21330346.609,Demanda,galicia,2022
2022-07-01T00:00:00.000+02:00,23635939.166,Demanda,galicia,2022
2022-08-01T00:00:00.000+02:00,22009668.436,Demanda,galicia,2022
2022-09-01T00:00:00.000+02:00,20311958.98,Demanda,galicia,2022
2022-10-01T00:00:00.000+02:00,19330113.115,Demanda,galicia,2022
2022-11-01T00:00:00.000+01:00,19301765.718,Demanda,galicia,2022
2022-12-01T00:00:00.000+01:00,20287656.712,Demanda,galicia,2022
2022-01-01T00:00:00.000+01:00,22729295.932,Demanda,la rioja,2022
2022-02-01T00:00:00.000+01:00,20168155.371,Demanda,la rioja,2022
2022-03-01T00:00:00.000+01:00,21475748.762,Demanda,la rioja,2022
2022-04-01T00:00:00.000+02:00,19589011.223,Demanda,la rioja,2022
2022-05-01T00:00:00.000+02:00,20301232.67,Demanda,la rioja,2022
2022-06-01T00:00:00.000+02:00,21330346.609,Demanda,la rioja,2022
2022-07-01T00:00:00.000+02:00,23635939.166,Demanda,la rioja,2022
2022-08-01T00:00:00.000+02:00,22009668.436,Demanda,la rioja,2022
2022-09-01T00:00:00.000+02:00,20311958.98,Demanda,la rioja,2022
2022-10-01T00:00:00.000+02:00,19330113.115,Demanda,la rioja,2022
2022-11-01T00:00:00.000+01:00,19301765.718,Demanda,la rioja,2022
2022-12-01T00:00:00.000+01:00,20287656.712,Demanda,la rioja,2022
2022-01-01T00:00:00.000+01:00,22729295.932,Demanda,region de murcia,2022
2022-02-01T00:00:00.000+01:00,20168155.371,Demanda,region de murcia,2022
2022-03-01T00:00:00.000+01:00,21475748.762,Demanda,region de murcia,2022
2022-04-01T00:00:00.000+02:00,19589011.223,Demanda,region de murcia,2022
2022-05-01T00:00:00.000+02:00,20301232.67,Demanda,region de murcia,2022
2022-06-01T00:00:00.000+02:00,21330346.609,Demanda,region de murcia,2022
2022-07-01T00:00:00.000+02:00,23635939.166,Demanda,region de murcia,2022
2022-08-01T00:00:00.000+02:00,22009668.436,Demanda,region de murcia,2022
2022-09-01T00:00:00.000+02:00,20311958.98,Demanda,region de murcia,2022
2022-10-01T00:00:00.000+02:00,19330113.115,Demanda,region de murcia,2022
2022-11-01T00:00:00.000+01:00,19301765.718,Demanda,region de murcia,2022
2022-12-01T00:00:00.000+01:00,20287656.712,Demanda,region de murcia,2022
2023-01-01T00:00:00.000+01:00,22134026.291,Demanda,peninsular,2023
2023-02-01T00:00:00.000+01:00,20560235.18,Demanda,peninsular,2023
2023-03-01T00:00:00.000+01:00,20639711.232,Demanda,peninsular,2023
2023-04-01T00:00:00.000+02:00,18316734.3,Demanda,peninsular,2023
2023-05-01T00:00:00.000+02:00,19243367.373,Demanda,peninsular,2023
2023-06-01T00:00:00.000+02:00,19973380.276,Demanda,peninsular,2023
2023-07-01T00:00:00.000+02:00,22799599.054,Demanda,peninsular,2023
2023-08-01T00:00:00.000+02:00,21829565.953,Demanda,peninsular,2023
2023-09-01T00:00:00.000+02:00,19762754.89,Demanda,peninsular,2023
2023-10-01T00:00:00.000+02:00,19990082.144,Demanda,peninsular,2023
2023-11-01T00:00:00.000+01:00,20113191.795,Demanda,peninsular,2023
2023-12-01T00:00:00.000+01:00,21302390.025,Demanda,peninsular,2023
2023-01-01T00:00:00.000+01:00,22134026.291,Demanda,canarias,2023
2023-02-01T00:00:00.000+01:00,20560235.18,Demanda,canarias,2023
2023-03-01T00:00:00.000+01:00,20639711.232,Demanda,canarias,2023
2023-04-01T00:00:00.000+02:00,18316734.3,Demanda,canarias,2023
2023-05-01T00:00:00.000+02:00,19243367.373,Demanda,canarias,2023
2023-06-01T00:00:00.000+02:00,19973380.276,Demanda,canarias,2023
2023-07-01T00:00:00.000+02:00,22799599.054,Demanda,canarias,2023
2023-08-01T00:00:00.000+02:00,21829565.953,Demanda,canarias,2023
2023-09-01T00:00:00.000+02:00,19762754.89,Demanda,canarias,2023
2023-10-01T00:00:00.000+02:00,19990082.144,Demanda,canarias,2023
2023-11-01T00:00:00.000+01:00,20113191.795,Demanda,canarias,2023
2023-12-01T00:00:00.000+01:00,21302390.025,Demanda,canarias,2023
2023-01-01T00:00:00.000+01:00,22134026.291,Demanda,baleares,2023
2023-02-01T00:00:00.000+01:00,20560235.18,Demanda,baleares,2023
2023-03-01T00:00:00.000+01:00,20639711.232,Demanda,baleares,2023
2023-04-01T00:00:00.000+02:00,18316734.3,Demanda,baleares,2023
2023-05-01T00:00:00.000+02:00,19243367.373,Demanda,baleares,2023
2023-06-01T00:00:00.000+02:00,19973380.276,Demanda,baleares,2023
2023-07-01T00:00:00.000+02:00,22799599.054,Demanda,baleares,2023
2023-08-01T00:00:00.000+02:00,21829565.953,Demanda,baleares,2023
2023-09-01T00:00:00.000+02:00,19762754.89,Demanda,baleares,2023
2023-10-01T00:00:00.000+02:00,19990082.144,Demanda,baleares,2023
2023-11-01T00:00:00.000+01:00,20113191.795,Demanda,baleares,2023
2023-12-01T00:00:00.000+01:00,21302390.025,Demanda,baleares,2023
2023-01-01T00:00:00.000+01:00,22134026.291,Demanda,ceuta,2023
2023-02-01T00:00:00.000+01:00,20560235.18,Demanda,ceuta,2023
2023-03-01T00:00:00.000+01:00,20639711.232,Demanda,ceuta,2023
2023-04-01T00:00:00.000+02:00,18316734.3,Demanda,ceuta,2023
2023-05-01T00:00:00.000+02:00,19243367.373,Demanda,ceuta,2023
2023-06-01T00:00:00.000+02:00,19973380.276,Demanda,ceuta,2023
2023-07-01T00:00:00.000+02:00,22799599.054,Demanda,ceuta,2023
2023-08-01T00:00:00.000+02:00,21829565.953,Demanda,ceuta,2023
2023-09-01T00:00:00.000+02:00,19762754.89,Demanda,ceuta,2023
2023-10-01T00:00:00.000+02:00,19990082.144,Demanda,ceuta,2023
2023-11-01T00:00:00.000+01:00,20113191.795,Demanda,ceuta,2023
2023-12-01T00:00:00.000+01:00,21302390.025,Demanda,ceuta,2023
2023-01-01T00:00:00.000+01:00,22134026.291,Demanda,melilla,2023
2023-02-01T00:00:00.000+01:00,20560235.18,Demanda,melilla,2023
2023-03-01T00:00:00.000+01:00,20639711.232,Demanda,melilla,2023
2023-04-01T00:00:00.000+02:00,18316734.3,Demanda,melilla,2023
2023-05-01T00:00:00.000+02:00,19243367.373,Demanda,melilla,2023
2023-06-01T00:00:00.000+02:00,19973380.276,Demanda,melilla,2023
2023-07-01T00:00:00.000+02:00,22799599.054,Demanda,melilla,2023
2023-08-01T00:00:00.000+02:00,21829565.953,Demanda,melilla,2023
2023-09-01T00:00:00.000+02:00,19762754.89,Demanda,melilla,2023
2023-10-01T00:00:00.000+02:00,19990082.144,Demanda,melilla,2023
2023-11-01T00:00:00.000+01:00,20113191.795,Demanda,melilla,2023
2023-12-01T00:00:00.000+01:00,21302390.025,Demanda,melilla,2023
2023-01-01T00:00:00.000+01:00,22134026.291,Demanda,andalucia,2023
2023-02-01T00:00:00.000+01:00,20560235.18,Demanda,andalucia,2023
2023-03-01T00:00:00.000+01:00,20639711.232,Demanda,andalucia,2023
2023-04-01T00:00:00.000+02:00,18316734.3,Demanda,andalucia,2023
2023-05-01T00:00:00.000+02:00,19243367.373,Demanda,andalucia,2023
2023-06-01T00:00:00.000+02:00,19973380.276,Demanda,andalucia,2023
2023-07-01T00:00:00.000+02:00,22799599.054,Demanda,andalucia,2023
2023-08-01T00:00:00.000+02:00,21829565.953,Demanda,andalucia,2023
2023-09-01T00:00:00.000+02:00,19762754.89,Demanda,andalucia,2023
2023-10-01T00:00:00.000+02:00,19990082.144,Demanda,andalucia,2023
2023-11-01T00:00:00.000+01:00,20113191.795,Demanda,andalucia,2023
2023-12-01T00:00:00.000+01:00,21302390.025,Demanda,andalucia,2023
2023-01-01T00:00:00.000+01:00,22134026.291,Demanda,aragon,2023
2023-02-01T00:00:00.000+01:00,20560235.18,Demanda,aragon,2023
2023-03-01T00:00:00.000+01:00,20639711.232,Demanda,aragon,2023
2023-04-01T00:00:00.000+02:00,18316734.3,Demanda,aragon,2023
2023-05-01T00:00:00.000+02:00,19243367.373,Demanda,aragon,2023
2023-06-01T00:00:00.000+02:00,19973380.276,Demanda,aragon,2023
2023-07-01T00:00:00.000+02:00,22799599.054,Demanda,aragon,2023
2023-08-01T00:00:00.000+02:00,21829565.953,Demanda,aragon,2023
2023-09-01T00:00:00.000+02:00,19762754.89,Demanda,aragon,2023
2023-10-01T00:00:00.000+02:00,19990082.144,Demanda,aragon,2023
2023-11-01T00:00:00.000+01:00,20113191.795,Demanda,aragon,2023
2023-12-01T00:00:00.000+01:00,21302390.025,Demanda,aragon,2023
2023-01-01T00:00:00.000+01:00,22134026.291,Demanda,cantabria,2023
2023-02-01T00:00:00.000+01:00,20560235.18,Demanda,cantabria,2023
2023-03-01T00:00:00.000+01:00,20639711.232,Demanda,cantabria,2023
2023-04-01T00:00:00.000+02:00,18316734.3,Demanda,cantabria,2023
2023-05-01T00:00:00.000+02:00,19243367.373,Demanda,cantabria,2023
2023-06-01T00:00:00.000+02:00,19973380.276,Demanda,cantabria,2023
2023-07-01T00:00:00.000+02:00,22799599.054,Demanda,cantabria,2023
2023-08-01T00:00:00.000+02:00,21829565.953,Demanda,cantabria,2023
2023-09-01T00:00:00.000+02:00,19762754.89,Demanda,cantabria,2023
2023-10-01T00:00:00.000+02:00,19990082.144,Demanda,cantabria,2023
2023-11-01T00:00:00.000+01:00,20113191.795,Demanda,cantabria,2023
2023-12-01T00:00:00.000+01:00,21302390.025,Demanda,cantabria,2023
2023-01-01T00:00:00.000+01:00,22134026.291,Demanda,castilla la mancha,2023
2023-02-01T00:00:00.000+01:00,20560235.18,Demanda,castilla la mancha,2023
2023-03-01T00:00:00.000+01:00,20639711.232,Demanda,castilla la mancha,2023
2023-04-01T00:00:00.000+02:00,18316734.3,Demanda,castilla la mancha,2023
2023-05-01T00:00:00.000+02:00,19243367.373,Demanda,castilla la mancha,2023
2023-06-01T00:00:00.000+02:00,19973380.276,Demanda,castilla la mancha,2023
2023-07-01T00:00:00.000+02:00,22799599.054,Demanda,castilla la mancha,2023
2023-08-01T00:00:00.000+02:00,21829565.953,Demanda,castilla la mancha,2023
2023-09-01T00:00:00.000+02:00,19762754.89,Demanda,castilla la mancha,2023
2023-10-01T00:00:00.000+02:00,19990082.144,Demanda,castilla la mancha,2023
2023-11-01T00:00:00.000+01:00,20113191.795,Demanda,castilla la mancha,2023
2023-12-01T00:00:00.000+01:00,21302390.025,Demanda,castilla la mancha,2023
2023-01-01T00:00:00.000+01:00,22134026.291,Demanda,castilla y leon,2023
2023-02-01T00:00:00.000+01:00,20560235.18,Demanda,castilla y leon,2023
2023-03-01T00:00:00.000+01:00,20639711.232,Demanda,castilla y leon,2023
2023-04-01T00:00:00.000+02:00,18316734.3,Demanda,castilla y leon,2023
2023-05-01T00:00:00.000+02:00,19243367.373,Demanda,castilla y leon,2023
2023-06-01T00:00:00.000+02:00,19973380.276,Demanda,castilla y leon,2023
2023-07-01T00:00:00.000+02:00,22799599.054,Demanda,castilla y leon,2023
2023-08-01T00:00:00.000+02:00,21829565.953,Demanda,castilla y leon,2023
2023-09-01T00:00:00.000+02:00,19762754.89,Demanda,castilla y leon,2023
2023-10-01T00:00:00.000+02:00,19990082.144,Demanda,castilla y leon,2023
2023-11-01T00:00:00.000+01:00,20113191.795,Demanda,castilla y leon,2023
2023-12-01T00:00:00.000+01:00,21302390.025,Demanda,castilla y leon,2023
2023-01-01T00:00:00.000+01:00,22134026.291,Demanda,cataluña,2023
2023-02-01T00:00:00.000+01:00,20560235.18,Demanda,cataluña,2023
2023-03-01T00:00:00.000+01:00,20639711.232,Demanda,cataluña,2023
2023-04-01T00:00:00.000+02:00,18316734.3,Demanda,cataluña,2023
2023-05-01T00:00:00.000+02:00,19243367.373,Demanda,cataluña,2023
2023-06-01T00:00:00.000+02:00,19973380.276,Demanda,cataluña,2023
2023-07-01T00:00:00.000+02:00,22799599.054,Demanda,cataluña,2023
2023-08-01T00:00:00.000+02:00,21829565.953,Demanda,cataluña,2023
2023-09-01T00:00:00.000+02:00,19762754.89,Demanda,cataluña,2023
2023-10-01T00:00:00.000+02:00,19990082.144,Demanda,cataluña,2023
2023-11-01T00:00:00.000+01:00,20113191.795,Demanda,cataluña,2023
2023-12-01T00:00:00.000+01:00,21302390.025,Demanda,cataluña,2023
2023-01-01T00:00:00.000+01:00,22134026.291,Demanda,pais vasco,2023
2023-02-01T00:00:00.000+01:00,20560235.18,Demanda,pais vasco,2023
2023-03-01T00:00:00.000+01:00,20639711.232,Demanda,pais vasco,2023
2023-04-01T00:00:00.000+02:00,18316734.3,Demanda,pais vasco,2023
2023-05-01T00:00:00.000+02:00,19243367.373,Demanda,pais vasco,2023
2023-06-01T00:00:00.000+02:00,19973380.276,Demanda,pais vasco,2023
2023-07-01T00:00:00.000+02:00,22799599.054,Demanda,pais vasco,2023
2023-08-01T00:00:00.000+02:00,21829565.953,Demanda,pais vasco,2023
2023-09-01T00:00:00.000+02:00,19762754.89,Demanda,pais vasco,2023
2023-10-01T00:00:00.000+02:00,19990082.144,Demanda,pais vasco,2023
2023-11-01T00:00:00.000+01:00,20113191.795,Demanda,pais vasco,2023
2023-12-01T00:00:00.000+01:00,21302390.025,Demanda,pais vasco,2023
2023-01-01T00:00:00.000+01:00,22134026.291,Demanda,principado de asturias,2023
2023-02-01T00:00:00.000+01:00,20560235.18,Demanda,principado de asturias,2023
2023-03-01T00:00:00.000+01:00,20639711.232,Demanda,principado de asturias,2023
2023-04-01T00:00:00.000+02:00,18316734.3,Demanda,principado de asturias,2023
2023-05-01T00:00:00.000+02:00,19243367.373,Demanda,principado de asturias,2023
2023-06-01T00:00:00.000+02:00,19973380.276,Demanda,principado de asturias,2023
2023-07-01T00:00:00.000+02:00,22799599.054,Demanda,principado de asturias,2023
2023-08-01T00:00:00.000+02:00,21829565.953,Demanda,principado de asturias,2023
2023-09-01T00:00:00.000+02:00,19762754.89,Demanda,principado de asturias,2023
2023-10-01T00:00:00.000+02:00,19990082.144,Demanda,principado de asturias,2023
2023-11-01T00:00:00.000+01:00,20113191.795,Demanda,principado de asturias,2023
2023-12-01T00:00:00.000+01:00,21302390.025,Demanda,principado de asturias,2023
2023-01-01T00:00:00.000+01:00,22134026.291,Demanda,comunidad de madrid,2023
2023-02-01T00:00:00.000+01:00,20560235.18,Demanda,comunidad de madrid,2023
2023-03-01T00:00:00.000+01:00,20639711.232,Demanda,comunidad de madrid,2023
2023-04-01T00:00:00.000+02:00,18316734.3,Demanda,comunidad de madrid,2023
2023-05-01T00:00:00.000+02:00,19243367.373,Demanda,comunidad de madrid,2023
2023-06-01T00:00:00.000+02:00,19973380.276,Demanda,comunidad de madrid,2023
2023-07-01T00:00:00.000+02:00,22799599.054,Demanda,comunidad de madrid,2023
2023-08-01T00:00:00.000+02:00,21829565.953,Demanda,comunidad de madrid,2023
2023-09-01T00:00:00.000+02:00,19762754.89,Demanda,comunidad de madrid,2023
2023-10-01T00:00:00.000+02:00,19990082.144,Demanda,comunidad de madrid,2023
2023-11-01T00:00:00.000+01:00,20113191.795,Demanda,comunidad de madrid,2023
2023-12-01T00:00:00.000+01:00,21302390.025,Demanda,comunidad de madrid,2023
2023-01-01T00:00:00.000+01:00,22134026.291,Demanda,comunidad de navarra,2023
2023-02-01T00:00:00.000+01:00,20560235.18,Demanda,comunidad de navarra,2023
2023-03-01T00:00:00.000+01:00,20639711.232,Demanda,comunidad de navarra,2023
2023-04-01T00:00:00.000+02:00,18316734.3,Demanda,comunidad de navarra,2023
2023-05-01T00:00:00.000+02:00,19243367.373,Demanda,comunidad de navarra,2023
2023-06-01T00:00:00.000+02:00,19973380.276,Demanda,comunidad de navarra,2023
2023-07-01T00:00:00.000+02:00,22799599.054,Demanda,comunidad de navarra,2023
2023-08-01T00:00:00.000+02:00,21829565.953,Demanda,comunidad de navarra,2023
2023-09-01T00:00:00.000+02:00,19762754.89,Demanda,comunidad de navarra,2023
2023-10-01T00:00:00.000+02:00,19990082.144,Demanda,comunidad de navarra,2023
2023-11-01T00:00:00.000+01:00,20113191.795,Demanda,comunidad de navarra,2023
2023-12-01T00:00:00.000+01:00,21302390.025,Demanda,comunidad de navarra,2023
2023-01-01T00:00:00.000+01:00,22134026.291,Demanda,comunidad de valenciana,2023
2023-02-01T00:00:00.000+01:00,20560235.18,Demanda,comunidad de valenciana,2023
2023-03-01T00:00:00.000+01:00,20639711.232,Demanda,comunidad de valenciana,2023
2023-04-01T00:00:00.000+02:00,18316734.3,Demanda,comunidad de valenciana,2023
2023-05-01T00:00:00.000+02:00,19243367.373,Demanda,comunidad de valenciana,2023
2023-06-01T00:00:00.000+02:00,19973380.276,Demanda,comunidad de valenciana,2023
2023-07-01T00:00:00.000+02:00,22799599.054,Demanda,comunidad de valenciana,2023
2023-08-01T00:00:00.000+02:00,21829565.953,Demanda,comunidad de valenciana,2023
2023-09-01T00:00:00.000+02:00,19762754.89,Demanda,comunidad de valenciana,2023
2023-10-01T00:00:00.000+02:00,19990082.144,Demanda,comunidad de valenciana,2023
2023-11-01T00:00:00.000+01:00,20113191.795,Demanda,comunidad de valenciana,2023
2023-12-01T00:00:00.000+01:00,21302390.025,Demanda,comunidad de valenciana,2023
2023-01-01T00:00:00.000+01:00,22134026.291,Demanda,extremadura,2023
2023-02-01T00:00:00.000+01:00,20560235.18,Demanda,extremadura,2023
2023-03-01T00:00:00.000+01:00,20639711.232,Demanda,extremadura,2023
2023-04-01T00:00:00.000+02:00,18316734.3,Demanda,extremadura,2023
2023-05-01T00:00:00.000+02:00,19243367.373,Demanda,extremadura,2023
2023-06-01T00:00:00.000+02:00,19973380.276,Demanda,extremadura,2023
2023-07-01T00:00:00.000+02:00,22799599.054,Demanda,extremadura,2023
2023-08-01T00:00:00.000+02:00,21829565.953,Demanda,extremadura,2023
2023-09-01T00:00:00.000+02:00,19762754.89,Demanda,extremadura,2023
2023-10-01T00:00:00.000+02:00,19990082.144,Demanda,extremadura,2023
2023-11-01T00:00:00.000+01:00,20113191.795,Demanda,extremadura,2023
2023-12-01T00:00:00.000+01:00,21302390.025,Demanda,extremadura,2023
2023-01-01T00:00:00.000+01:00,22134026.291,Demanda,galicia,2023
2023-02-01T00:00:00.000+01:00,20560235.18,Demanda,galicia,2023
2023-03-01T00:00:00.000+01:00,20639711.232,Demanda,galicia,2023
2023-04-01T00:00:00.000+02:00,18316734.3,Demanda,galicia,2023
2023-05-01T00:00:00.000+02:00,19243367.373,Demanda,galicia,2023
2023-06-01T00:00:00.000+02:00,19973380.276,Demanda,galicia,2023
2023-07-01T00:00:00.000+02:00,22799599.054,Demanda,galicia,2023
2023-08-01T00:00:00.000+02:00,21829565.953,Demanda,galicia,2023
2023-09-01T00:00:00.000+02:00,19762754.89,Demanda,galicia,2023
2023-10-01T00:00:00.000+02:00,19990082.144,Demanda,galicia,2023
2023-11-01T00:00:00.000+01:00,20113191.795,Demanda,galicia,2023
2023-12-01T00:00:00.000+01:00,21302390.025,Demanda,galicia,2023
2023-01-01T00:00:00.000+01:00,22134026.291,Demanda,la rioja,2023
2023-02-01T00:00:00.000+01:00,20560235.18,Demanda,la rioja,2023
2023-03-01T00:00:00.000+01:00,20639711.232,Demanda,la rioja,2023
2023-04-01T00:00:00.000+02:00,18316734.3,Demanda,la rioja,2023
2023-05-01T00:00:00.000+02:00,19243367.373,Demanda,la rioja,2023
2023-06-01T00:00:00.000+02:00,19973380.276,Demanda,la rioja,2023
2023-07-01T00:00:00.000+02:00,22799599.054,Demanda,la rioja,2023
2023-08-01T00:00:00.000+02:00,21829565.953,Demanda,la rioja,2023
2023-09-01T00:00:00.000+02:00,19762754.89,Demanda,la rioja,2023
2023-10-01T00:00:00.000+02:00,19990082.144,Demanda,la rioja,2023
2023-11-01T00:00:00.000+01:00,20113191.795,Demanda,la rioja,2023
2023-12-01T00:00:00.000+01:00,21302390.025,Demanda,la rioja,2023
2023-01-01T00:00:00.000+01:00,22134026.291,Demanda,region de murcia,2023
2023-02-01T00:00:00.000+01:00,20560235.18,Demanda,region de murcia,2023
2023-03-01T00:00:00.000+01:00,20639711.232,Demanda,region de murcia,2023
2023-04-01T00:00:00.000+02:00,18316734.3,Demanda,region de murcia,2023
2023-05-01T00:00:00.000+02:00,19243367.373,Demanda,region de murcia,2023
2023-06-01T00:00:00.000+02:00,19973380.276,Demanda,region de murcia,2023
2023-07-01T00:00:00.000+02:00,22799599.054,Demanda,region de murcia,2023
2023-08-01T00:00:00.000+02:00,21829565.953,Demanda,region de murcia,2023
2023-09-01T00:00:00.000+02:00,19762754.89,Demanda,region de murcia,2023
2023-10-01T00:00:00.000+02:00,19990082.144,Demanda,region de murcia,2023
2023-11-01T00:00:00.000+01:00,20113191.795,Demanda,region de murcia,2023
2023-12-01T00:00:00.000+01:00,21302390.025,Demanda,region de murcia,2023
2024-01-01T00:00:00.000+01:00,22353571.734,Demanda,peninsular,2024
2024-02-01T00:00:00.000+01:00,20335524.431,Demanda,peninsular,2024
2024-03-01T00:00:00.000+01:00,20714646.058,Demanda,peninsular,2024
2024-04-01T00:00:00.000+02:00,19292564.304,Demanda,peninsular,2024
2024-05-01T00:00:00.000+02:00,19523617.954,Demanda,peninsular,2024
2024-06-01T00:00:00.000+02:00,19638079.057,Demanda,peninsular,2024
2024-07-01T00:00:00.000+02:00,22759713.721,Demanda,peninsular,2024
2024-08-01T00:00:00.000+02:00,22427766.504,Demanda,peninsular,2024
2024-09-01T00:00:00.000+02:00,19910262.916,Demanda,peninsular,2024
2024-10-01T00:00:00.000+02:00,20323411.544,Demanda,peninsular,2024
2024-11-01T00:00:00.000+01:00,19884855.403,Demanda,peninsular,2024
2024-12-01T00:00:00.000+01:00,21646673.3,Demanda,peninsular,2024
2024-01-01T00:00:00.000+01:00,22353571.734,Demanda,canarias,2024
2024-02-01T00:00:00.000+01:00,20335524.431,Demanda,canarias,2024
2024-03-01T00:00:00.000+01:00,20714646.058,Demanda,canarias,2024
2024-04-01T00:00:00.000+02:00,19292564.304,Demanda,canarias,2024
2024-05-01T00:00:00.000+02:00,19523617.954,Demanda,canarias,2024
2024-06-01T00:00:00.000+02:00,19638079.057,Demanda,canarias,2024
2024-07-01T00:00:00.000+02:00,22759713.721,Demanda,canarias,2024
2024-08-01T00:00:00.000+02:00,22427766.504,Demanda,canarias,2024
2024-09-01T00:00:00.000+02:00,19910262.916,Demanda,canarias,2024
2024-10-01T00:00:00.000+02:00,20323411.544,Demanda,canarias,2024
2024-11-01T00:00:00.000+01:00,19884855.403,Demanda,canarias,2024
2024-12-01T00:00:00.000+01:00,21646673.3,Demanda,canarias,2024
2024-01-01T00:00:00.000+01:00,22353571.734,Demanda,baleares,2024
2024-02-01T00:00:00.000+01:00,20335524.431,Demanda,baleares,2024
2024-03-01T00:00:00.000+01:00,20714646.058,Demanda,baleares,2024
2024-04-01T00:00:00.000+02:00,19292564.304,Demanda,baleares,2024
2024-05-01T00:00:00.000+02:00,19523617.954,Demanda,baleares,2024
2024-06-01T00:00:00.000+02:00,19638079.057,Demanda,baleares,2024
2024-07-01T00:00:00.000+02:00,22759713.721,Demanda,baleares,2024
2024-08-01T00:00:00.000+02:00,22427766.504,Demanda,baleares,2024
2024-09-01T00:00:00.000+02:00,19910262.916,Demanda,baleares,2024
2024-10-01T00:00:00.000+02:00,20323411.544,Demanda,baleares,2024
2024-11-01T00:00:00.000+01:00,19884855.403,Demanda,baleares,2024
2024-12-01T00:00:00.000+01:00,21646673.3,Demanda,baleares,2024
2024-01-01T00:00:00.000+01:00,22353571.734,Demanda,ceuta,2024
2024-02-01T00:00:00.000+01:00,20335524.431,Demanda,ceuta,2024
2024-03-01T00:00:00.000+01:00,20714646.058,Demanda,ceuta,2024
2024-04-01T00:00:00.000+02:00,19292564.304,Demanda,ceuta,2024
2024-05-01T00:00:00.000+02:00,19523617.954,Demanda,ceuta,2024
2024-06-01T00:00:00.000+02:00,19638079.057,Demanda,ceuta,2024
2024-07-01T00:00:00.000+02:00,22759713.721,Demanda,ceuta,2024
2024-08-01T00:00:00.000+02:00,22427766.504,Demanda,ceuta,2024
2024-09-01T00:00:00.000+02:00,19910262.916,Demanda,ceuta,2024
2024-10-01T00:00:00.000+02:00,20323411.544,Demanda,ceuta,2024
2024-11-01T00:00:00.000+01:00,19884855.403,Demanda,ceuta,2024
2024-12-01T00:00:00.000+01:00,21646673.3,Demanda,ceuta,2024
2024-01-01T00:00:00.000+01:00,22353571.734,Demanda,melilla,2024
2024-02-01T00:00:00.000+01:00,20335524.431,Demanda,melilla,2024
2024-03-01T00:00:00.000+01:00,20714646.058,Demanda,melilla,2024
2024-04-01T00:00:00.000+02:00,19292564.304,Demanda,melilla,2024
2024-05-01T00:00:00.000+02:00,19523617.954,Demanda,melilla,2024
2024-06-01T00:00:00.000+02:00,19638079.057,Demanda,melilla,2024
2024-07-01T00:00:00.000+02:00,22759713.721,Demanda,melilla,2024
2024-08-01T00:00:00.000+02:00,22427766.504,Demanda,melilla,2024
2024-09-01T00:00:00.000+02:00,19910262.916,Demanda,melilla,2024
2024-10-01T00:00:00.000+02:00,20323411.544,Demanda,melilla,2024
2024-11-01T00:00:00.000+01:00,19884855.403,Demanda,melilla,2024
2024-12-01T00:00:00.000+01:00,21646673.3,Demanda,melilla,2024
2024-01-01T00:00:00.000+01:00,22353571.734,Demanda,andalucia,2024
2024-02-01T00:00:00.000+01:00,20335524.431,Demanda,andalucia,2024
2024-03-01T00:00:00.000+01:00,20714646.058,Demanda,andalucia,2024
2024-04-01T00:00:00.000+02:00,19292564.304,Demanda,andalucia,2024
2024-05-01T00:00:00.000+02:00,19523617.954,Demanda,andalucia,2024
2024-06-01T00:00:00.000+02:00,19638079.057,Demanda,andalucia,2024
2024-07-01T00:00:00.000+02:00,22759713.721,Demanda,andalucia,2024
2024-08-01T00:00:00.000+02:00,22427766.504,Demanda,andalucia,2024
2024-09-01T00:00:00.000+02:00,19910262.916,Demanda,andalucia,2024
2024-10-01T00:00:00.000+02:00,20323411.544,Demanda,andalucia,2024
2024-11-01T00:00:00.000+01:00,19884855.403,Demanda,andalucia,2024
2024-12-01T00:00:00.000+01:00,21646673.3,Demanda,andalucia,2024
2024-01-01T00:00:00.000+01:00,22353571.734,Demanda,aragon,2024
2024-02-01T00:00:00.000+01:00,20335524.431,Demanda,aragon,2024
2024-03-01T00:00:00.000+01:00,20714646.058,Demanda,aragon,2024
2024-04-01T00:00:00.000+02:00,19292564.304,Demanda,aragon,2024
2024-05-01T00:00:00.000+02:00,19523617.954,Demanda,aragon,2024
2024-06-01T00:00:00.000+02:00,19638079.057,Demanda,aragon,2024
2024-07-01T00:00:00.000+02:00,22759713.721,Demanda,aragon,2024
2024-08-01T00:00:00.000+02:00,22427766.504,Demanda,aragon,2024
2024-09-01T00:00:00.000+02:00,19910262.916,Demanda,aragon,2024
2024-10-01T00:00:00.000+02:00,20323411.544,Demanda,aragon,2024
2024-11-01T00:00:00.000+01:00,19884855.403,Demanda,aragon,2024
2024-12-01T00:00:00.000+01:00,21646673.3,Demanda,aragon,2024
2024-01-01T00:00:00.000+01:00,22353571.734,Demanda,cantabria,2024
2024-02-01T00:00:00.000+01:00,20335524.431,Demanda,cantabria,2024
2024-03-01T00:00:00.000+01:00,20714646.058,Demanda,cantabria,2024
2024-04-01T00:00:00.000+02:00,19292564.304,Demanda,cantabria,2024
2024-05-01T00:00:00.000+02:00,19523617.954,Demanda,cantabria,2024
2024-06-01T00:00:00.000+02:00,19638079.057,Demanda,cantabria,2024
2024-07-01T00:00:00.000+02:00,22759713.721,Demanda,cantabria,2024
2024-08-01T00:00:00.000+02:00,22427766.504,Demanda,cantabria,2024
2024-09-01T00:00:00.000+02:00,19910262.916,Demanda,cantabria,2024
2024-10-01T00:00:00.000+02:00,20323411.544,Demanda,cantabria,2024
2024-11-01T00:00:00.000+01:00,19884855.403,Demanda,cantabria,2024
2024-12-01T00:00:00.000+01:00,21646673.3,Demanda,cantabria,2024
2024-01-01T00:00:00.000+01:00,22353571.734,Demanda,castilla la mancha,2024
2024-02-01T00:00:00.000+01:00,20335524.431,Demanda,castilla la mancha,2024
2024-03-01T00:00:00.000+01:00,20714646.058,Demanda,castilla la mancha,2024
2024-04-01T00:00:00.000+02:00,19292564.304,Demanda,castilla la mancha,2024
2024-05-01T00:00:00.000+02:00,19523617.954,Demanda,castilla la mancha,2024
2024-06-01T00:00:00.000+02:00,19638079.057,Demanda,castilla la mancha,2024
2024-07-01T00:00:00.000+02:00,22759713.721,Demanda,castilla la mancha,2024
2024-08-01T00:00:00.000+02:00,22427766.504,Demanda,castilla la mancha,2024
2024-09-01T00:00:00.000+02:00,19910262.916,Demanda,castilla la mancha,2024
2024-10-01T00:00:00.000+02:00,20323411.544,Demanda,castilla la mancha,2024
2024-11-01T00:00:00.000+01:00,19884855.403,Demanda,castilla la mancha,2024
2024-12-01T00:00:00.000+01:00,21646673.3,Demanda,castilla la mancha,2024
2024-01-01T00:00:00.000+01:00,22353571.734,Demanda,castilla y leon,2024
2024-02-01T00:00:00.000+01:00,20335524.431,Demanda,castilla y leon,2024
2024-03-01T00:00:00.000+01:00,20714646.058,Demanda,castilla y leon,2024
2024-04-01T00:00:00.000+02:00,19292564.304,Demanda,castilla y leon,2024
2024-05-01T00:00:00.000+02:00,19523617.954,Demanda,castilla y leon,2024
2024-06-01T00:00:00.000+02:00,19638079.057,Demanda,castilla y leon,2024
2024-07-01T00:00:00.000+02:00,22759713.721,Demanda,castilla y leon,2024
2024-08-01T00:00:00.000+02:00,22427766.504,Demanda,castilla y leon,2024
2024-09-01T00:00:00.000+02:00,19910262.916,Demanda,castilla y leon,2024
2024-10-01T00:00:00.000+02:00,20323411.544,Demanda,castilla y leon,2024
2024-11-01T00:00:00.000+01:00,19884855.403,Demanda,castilla y leon,2024
2024-12-01T00:00:00.000+01:00,21646673.3,Demanda,castilla y leon,2024
2024-01-01T00:00:00.000+01:00,22353571.734,Demanda,cataluña,2024
2024-02-01T00:00:00.000+01:00,20335524.431,Demanda,cataluña,2024
2024-03-01T00:00:00.000+01:00,20714646.058,Demanda,cataluña,2024
2024-04-01T00:00:00.000+02:00,19292564.304,Demanda,cataluña,2024
2024-05-01T00:00:00.000+02:00,19523617.954,Demanda,cataluña,2024
2024-06-01T00:00:00.000+02:00,19638079.057,Demanda,cataluña,2024
2024-07-01T00:00:00.000+02:00,22759713.721,Demanda,cataluña,2024
2024-08-01T00:00:00.000+02:00,22427766.504,Demanda,cataluña,2024
2024-09-01T00:00:00.000+02:00,19910262.916,Demanda,cataluña,2024
2024-10-01T00:00:00.000+02:00,20323411.544,Demanda,cataluña,2024
2024-11-01T00:00:00.000+01:00,19884855.403,Demanda,cataluña,2024
2024-12-01T00:00:00.000+01:00,21646673.3,Demanda,cataluña,2024
2024-01-01T00:00:00.000+01:00,22353571.734,Demanda,pais vasco,2024
2024-02-01T00:00:00.000+01:00,20335524.431,Demanda,pais vasco,2024
2024-03-01T00:00:00.000+01:00,20714646.058,Demanda,pais vasco,2024
2024-04-01T00:00:00.000+02:00,19292564.304,Demanda,pais vasco,2024
2024-05-01T00:00:00.000+02:00,19523617.954,Demanda,pais vasco,2024
2024-06-01T00:00:00.000+02:00,19638079.057,Demanda,pais vasco,2024
2024-07-01T00:00:00.000+02:00,22759713.721,Demanda,pais vasco,2024
2024-08-01T00:00:00.000+02:00,22427766.504,Demanda,pais vasco,2024
2024-09-01T00:00:00.000+02:00,19910262.916,Demanda,pais vasco,2024
2024-10-01T00:00:00.000+02:00,20323411.544,Demanda,pais vasco,2024
2024-11-01T00:00:00.000+01:00,19884855.403,Demanda,pais vasco,2024
2024-12-01T00:00:00.000+01:00,21646673.3,Demanda,pais vasco,2024
2024-01-01T00:00:00.000+01:00,22353571.734,Demanda,principado de asturias,2024
2024-02-01T00:00:00.000+01:00,20335524.431,Demanda,principado de asturias,2024
2024-03-01T00:00:00.000+01:00,20714646.058,Demanda,principado de asturias,2024
2024-04-01T00:00:00.000+02:00,19292564.304,Demanda,principado de asturias,2024
2024-05-01T00:00:00.000+02:00,19523617.954,Demanda,principado de asturias,2024
2024-06-01T00:00:00.000+02:00,19638079.057,Demanda,principado de asturias,2024
2024-07-01T00:00:00.000+02:00,22759713.721,Demanda,principado de asturias,2024
2024-08-01T00:00:00.000+02:00,22427766.504,Demanda,principado de asturias,2024
2024-09-01T00:00:00.000+02:00,19910262.916,Demanda,principado de asturias,2024
2024-10-01T00:00:00.000+02:00,20323411.544,Demanda,principado de asturias,2024
2024-11-01T00:00:00.000+01:00,19884855.403,Demanda,principado de asturias,2024
2024-12-01T00:00:00.000+01:00,21646673.3,Demanda,principado de asturias,2024
2024-01-01T00:00:00.000+01:00,22353571.734,Demanda,comunidad de madrid,2024
2024-02-01T00:00:00.000+01:00,20335524.431,Demanda,comunidad de madrid,2024
2024-03-01T00:00:00.000+01:00,20714646.058,Demanda,comunidad de madrid,2024
2024-04-01T00:00:00.000+02:00,19292564.304,Demanda,comunidad de madrid,2024
2024-05-01T00:00:00.000+02:00,19523617.954,Demanda,comunidad de madrid,2024
2024-06-01T00:00:00.000+02:00,19638079.057,Demanda,comunidad de madrid,2024
2024-07-01T00:00:00.000+02:00,22759713.721,Demanda,comunidad de madrid,2024
2024-08-01T00:00:00.000+02:00,22427766.504,Demanda,comunidad de madrid,2024
2024-09-01T00:00:00.000+02:00,19910262.916,Demanda,comunidad de madrid,2024
2024-10-01T00:00:00.000+02:00,20323411.544,Demanda,comunidad de madrid,2024
2024-11-01T00:00:00.000+01:00,19884855.403,Demanda,comunidad de madrid,2024
2024-12-01T00:00:00.000+01:00,21646673.3,Demanda,comunidad de madrid,2024
2024-01-01T00:00:00.000+01:00,22353571.734,Demanda,comunidad de navarra,2024
2024-02-01T00:00:00.000+01:00,20335524.431,Demanda,comunidad de navarra,2024
2024-03-01T00:00:00.000+01:00,20714646.058,Demanda,comunidad de navarra,2024
2024-04-01T00:00:00.000+02:00,19292564.304,Demanda,comunidad de navarra,2024
2024-05-01T00:00:00.000+02:00,19523617.954,Demanda,comunidad de navarra,2024
2024-06-01T00:00:00.000+02:00,19638079.057,Demanda,comunidad de navarra,2024
2024-07-01T00:00:00.000+02:00,22759713.721,Demanda,comunidad de navarra,2024
2024-08-01T00:00:00.000+02:00,22427766.504,Demanda,comunidad de navarra,2024
2024-09-01T00:00:00.000+02:00,19910262.916,Demanda,comunidad de navarra,2024
2024-10-01T00:00:00.000+02:00,20323411.544,Demanda,comunidad de navarra,2024
2024-11-01T00:00:00.000+01:00,19884855.403,Demanda,comunidad de navarra,2024
2024-12-01T00:00:00.000+01:00,21646673.3,Demanda,comunidad de navarra,2024
2024-01-01T00:00:00.000+01:00,22353571.734,Demanda,comunidad de valenciana,2024
2024-02-01T00:00:00.000+01:00,20335524.431,Demanda,comunidad de valenciana,2024
2024-03-01T00:00:00.000+01:00,20714646.058,Demanda,comunidad de valenciana,2024
2024-04-01T00:00:00.000+02:00,19292564.304,Demanda,comunidad de valenciana,2024
2024-05-01T00:00:00.000+02:00,19523617.954,Demanda,comunidad de valenciana,2024
2024-06-01T00:00:00.000+02:00,19638079.057,Demanda,comunidad de valenciana,2024
2024-07-01T00:00:00.000+02:00,22759713.721,Demanda,comunidad de valenciana,2024
2024-08-01T00:00:00.000+02:00,22427766.504,Demanda,comunidad de valenciana,2024
2024-09-01T00:00:00.000+02:00,19910262.916,Demanda,comunidad de valenciana,2024
2024-10-01T00:00:00.000+02:00,20323411.544,Demanda,comunidad de valenciana,2024
2024-11-01T00:00:00.000+01:00,19884855.403,Demanda,comunidad de valenciana,2024
2024-12-01T00:00:00.000+01:00,21646673.3,Demanda,comunidad de valenciana,2024
2024-01-01T00:00:00.000+01:00,22353571.734,Demanda,extremadura,2024
2024-02-01T00:00:00.000+01:00,20335524.431,Demanda,extremadura,2024
2024-03-01T00:00:00.000+01:00,20714646.058,Demanda,extremadura,2024
2024-04-01T00:00:00.000+02:00,19292564.304,Demanda,extremadura,2024
2024-05-01T00:00:00.000+02:00,19523617.954,Demanda,extremadura,2024
2024-06-01T00:00:00.000+02:00,19638079.057,Demanda,extremadura,2024
2024-07-01T00:00:00.000+02:00,22759713.721,Demanda,extremadura,2024
2024-08-01T00:00:00.000+02:00,22427766.504,Demanda,extremadura,2024
2024-09-01T00:00:00.000+02:00,19910262.916,Demanda,extremadura,2024
2024-10-01T00:00:00.000+02:00,20323411.544,Demanda,extremadura,2024
2024-11-01T00:00:00.000+01:00,19884855.403,Demanda,extremadura,2024
2024-12-01T00:00:00.000+01:00,21646673.3,Demanda,extremadura,2024
2024-01-01T00:00:00.000+01:00,22353571.734,Demanda,galicia,2024
2024-02-01T00:00:00.000+01:00,20335524.431,Demanda,galicia,2024
2024-03-01T00:00:00.000+01:00,20714646.058,Demanda,galicia,2024
2024-04-01T00:00:00.000+02:00,19292564.304,Demanda,galicia,2024
2024-05-01T00:00:00.000+02:00,19523617.954,Demanda,galicia,2024
2024-06-01T00:00:00.000+02:00,19638079.057,Demanda,galicia,2024
2024-07-01T00:00:00.000+02:00,22759713.721,Demanda,galicia,2024
2024-08-01T00:00:00.000+02:00,22427766.504,Demanda,galicia,2024
2024-09-01T00:00:00.000+02:00,19910262.916,Demanda,galicia,2024
2024-10-01T00:00:00.000+02:00,20323411.544,Demanda,galicia,2024
2024-11-01T00:00:00.000+01:00,19884855.403,Demanda,galicia,2024
2024-12-01T00:00:00.000+01:00,21646673.3,Demanda,galicia,2024
2024-01-01T00:00:00.000+01:00,22353571.734,Demanda,la rioja,2024
2024-02-01T00:00:00.000+01:00,20335524.431,Demanda,la rioja,2024
2024-03-01T00:00:00.000+01:00,20714646.058,Demanda,la rioja,2024
2024-04-01T00:00:00.000+02:00,19292564.304,Demanda,la rioja,2024
2024-05-01T00:00:00.000+02:00,19523617.954,Demanda,la rioja,2024
2024-06-01T00:00:00.000+02:00,19638079.057,Demanda,la rioja,2024
2024-07-01T00:00:00.000+02:00,22759713.721,Demanda,la rioja,2024
2024-08-01T00:00:00.000+02:00,22427766.504,Demanda,la rioja,2024
2024-09-01T00:00:00.000+02:00,19910262.916,Demanda,la rioja,2024
2024-10-01T00:00:00.000+02:00,20323411.544,Demanda,la rioja,2024
2024-11-01T00:00:00.000+01:00,19884855.403,Demanda,la rioja,2024
2024-12-01T00:00:00.000+01:00,21646673.3,Demanda,la rioja,2024
2024-01-01T00:00:00.000+01:00,22353571.734,Demanda,region de murcia,2024
2024-02-01T00:00:00.000+01:00,20335524.431,Demanda,region de murcia,2024
2024-03-01T00:00:00.000+01:00,20714646.058,Demanda,region de murcia,2024
2024-04-01T00:00:00.000+02:00,19292564.304,Demanda,region de murcia,2024
2024-05-01T00:00:00.000+02:00,19523617.954,Demanda,region de murcia,2024
2024-06-01T00:00:00.000+02:00,19638079.057,Demanda,region de murcia,2024
2024-07-01T00:00:00.000+02:00,22759713.721,Demanda,region de murcia,2024
2024-08-01T00:00:00.000+02:00,22427766.504,Demanda,region de murcia,2024
2024-09-01T00:00:00.000+02:00,19910262.916,Demanda,region de murcia,2024
2024-10-01T00:00:00.000+02:00,20323411.544,Demanda,region de murcia,2024
2024-11-01T00:00:00.000+01:00,19884855.403,Demanda,region de murcia,2024
2024-12-01T00:00:00.000+01:00,21646673.3,Demanda,region de murcia,2024
