fecha,valor,porcentaje,indicator,region
2019-01-01T00:00:00.000+01:00,133.623,0.5265433023083531,Índice servicios,peninsular
2019-02-01T00:00:00.000+01:00,127.588,0.5048871020078668,Índice servicios,peninsular
2019-03-01T00:00:00.000+01:00,152.204,0.5354902491969616,Índice servicios,peninsular
2019-04-01T00:00:00.000+02:00,140.497,0.5271793986649507,Índice servicios,peninsular
2019-05-01T00:00:00.000+02:00,168.851,0.5612408717878831,Índice servicios,peninsular
2019-06-01T00:00:00.000+02:00,177.023,0.5706461647567009,Índice servicios,peninsular
2019-07-01T00:00:00.000+02:00,191.954,0.599543363307274,Índice servicios,peninsular
2019-08-01T00:00:00.000+02:00,194.211,0.6010844906081999,Índice servicios,peninsular
2019-09-01T00:00:00.000+02:00,161.729,0.5707061796008244,Índice servicios,peninsular
2019-10-01T00:00:00.000+02:00,165.225,0.5595195361973329,Índice servicios,peninsular
2019-11-01T00:00:00.000+01:00,148.384,0.522420009013069,Índice servicios,peninsular
2019-12-01T00:00:00.000+01:00,142.7,0.5245879943975325,Índice servicios,peninsular
2019-01-01T00:00:00.000+01:00,120.151,0.46004116849116555,Índice servicios corregido,peninsular
2019-02-01T00:00:00.000+01:00,125.118,0.49300293090276825,Índice servicios corregido,peninsular
2019-03-01T00:00:00.000+01:00,132.029,0.4490794623589235,Índice servicios corregido,peninsular
2019-04-01T00:00:00.000+02:00,126.01,0.4665780016677622,Índice servicios corregido,peninsular
2019-05-01T00:00:00.000+02:00,132.002,0.43438224058744934,Índice servicios corregido,peninsular
2019-06-01T00:00:00.000+02:00,133.192,0.4186817497716367,Índice servicios corregido,peninsular
2019-07-01T00:00:00.000+02:00,128.213,0.39450810096490785,Índice servicios corregido,peninsular
2019-08-01T00:00:00.000+02:00,128.89,0.3973992721426096,Índice servicios corregido,peninsular
2019-09-01T00:00:00.000+02:00,121.655,0.42665160464269514,Índice servicios corregido,peninsular
2019-10-01T00:00:00.000+02:00,130.073,0.4295883907325268,Índice servicios corregido,peninsular
2019-11-01T00:00:00.000+01:00,135.648,0.4625913723161355,Índice servicios corregido,peninsular
2019-12-01T00:00:00.000+01:00,129.323,0.4614551736838699,Índice servicios corregido,peninsular
2019-01-01T00:00:00.000+01:00,-7.400451830189465,1.0,Variación mensual,peninsular
2019-02-01T00:00:00.000+01:00,-1.081537877084585,1.0,Variación mensual,peninsular
2019-03-01T00:00:00.000+01:00,9.766194054607608,1.0,Variación mensual,peninsular
2019-04-01T00:00:00.000+02:00,-3.5657414271202215,1.0,Variación mensual,peninsular
2019-05-01T00:00:00.000+02:00,3.0314309598921114,1.0,Variación mensual,peninsular
2019-06-01T00:00:00.000+02:00,7.907297121017249,1.0,Variación mensual,peninsular
2019-07-01T00:00:00.000+02:00,4.827593739419162,1.0,Variación mensual,peninsular
2019-08-01T00:00:00.000+02:00,1.23275960926994,1.0,Variación mensual,peninsular
2019-09-01T00:00:00.000+02:00,-1.7549721172654156,1.0,Variación mensual,peninsular
2019-10-01T00:00:00.000+02:00,7.487184157797488,1.0,Variación mensual,peninsular
2019-11-01T00:00:00.000+01:00,9.203040940837065,1.0,Variación mensual,peninsular
2019-12-01T00:00:00.000+01:00,8.227406486060115,1.0,Variación mensual,peninsular
2019-01-01T00:00:00.000+01:00,-7.349516509615825,1.0,Variación mensual corregida,peninsular
2019-02-01T00:00:00.000+01:00,-1.9743336623889516,1.0,Variación mensual corregida,peninsular
2019-03-01T00:00:00.000+01:00,6.743580622210719,1.0,Variación mensual corregida,peninsular
2019-04-01T00:00:00.000+02:00,-2.496208486799332,1.0,Variación mensual corregida,peninsular
2019-05-01T00:00:00.000+02:00,-1.3002744109884061,1.0,Variación mensual corregida,peninsular
2019-06-01T00:00:00.000+02:00,6.485449312440046,1.0,Variación mensual corregida,peninsular
2019-07-01T00:00:00.000+02:00,2.48267483034522,1.0,Variación mensual corregida,peninsular
2019-08-01T00:00:00.000+02:00,2.5475781299726177,1.0,Variación mensual corregida,peninsular
2019-09-01T00:00:00.000+02:00,2.329982756445301,1.0,Variación mensual corregida,peninsular
2019-10-01T00:00:00.000+02:00,5.3487110124808765,1.0,Variación mensual corregida,peninsular
2019-11-01T00:00:00.000+01:00,8.273269318263448,1.0,Variación mensual corregida,peninsular
2019-12-01T00:00:00.000+01:00,7.859049207673062,1.0,Variación mensual corregida,peninsular
2019-01-01T00:00:00.000+01:00,133.623,0.5265433023083531,Índice servicios,canarias
2019-02-01T00:00:00.000+01:00,127.588,0.5048871020078668,Índice servicios,canarias
2019-03-01T00:00:00.000+01:00,152.204,0.5354902491969616,Índice servicios,canarias
2019-04-01T00:00:00.000+02:00,140.497,0.5271793986649507,Índice servicios,canarias
2019-05-01T00:00:00.000+02:00,168.851,0.5612408717878831,Índice servicios,canarias
2019-06-01T00:00:00.000+02:00,177.023,0.5706461647567009,Índice servicios,canarias
2019-07-01T00:00:00.000+02:00,191.954,0.599543363307274,Índice servicios,canarias
2019-08-01T00:00:00.000+02:00,194.211,0.6010844906081999,Índice servicios,canarias
2019-09-01T00:00:00.000+02:00,161.729,0.5707061796008244,Índice servicios,canarias
2019-10-01T00:00:00.000+02:00,165.225,0.5595195361973329,Índice servicios,canarias
2019-11-01T00:00:00.000+01:00,148.384,0.522420009013069,Índice servicios,canarias
2019-12-01T00:00:00.000+01:00,142.7,0.5245879943975325,Índice servicios,canarias
2019-01-01T00:00:00.000+01:00,120.151,0.46004116849116555,Índice servicios corregido,canarias
2019-02-01T00:00:00.000+01:00,125.118,0.49300293090276825,Índice servicios corregido,canarias
2019-03-01T00:00:00.000+01:00,132.029,0.4490794623589235,Índice servicios corregido,canarias
2019-04-01T00:00:00.000+02:00,126.01,0.4665780016677622,Índice servicios corregido,canarias
2019-05-01T00:00:00.000+02:00,132.002,0.43438224058744934,Índice servicios corregido,canarias
2019-06-01T00:00:00.000+02:00,133.192,0.4186817497716367,Índice servicios corregido,canarias
2019-07-01T00:00:00.000+02:00,128.213,0.39450810096490785,Índice servicios corregido,canarias
2019-08-01T00:00:00.000+02:00,128.89,0.3973992721426096,Índice servicios corregido,canarias
2019-09-01T00:00:00.000+02:00,121.655,0.42665160464269514,Índice servicios corregido,canarias
2019-10-01T00:00:00.000+02:00,130.073,0.4295883907325268,Índice servicios corregido,canarias
2019-11-01T00:00:00.000+01:00,135.648,0.4625913723161355,Índice servicios corregido,canarias
2019-12-01T00:00:00.000+01:00,129.323,0.4614551736838699,Índice servicios corregido,canarias
2019-01-01T00:00:00.000+01:00,-7.400451830189465,1.0,Variación mensual,canarias
2019-02-01T00:00:00.000+01:00,-1.081537877084585,1.0,Variación mensual,canarias
2019-03-01T00:00:00.000+01:00,9.766194054607608,1.0,Variación mensual,canarias
2019-04-01T00:00:00.000+02:00,-3.5657414271202215,1.0,Variación mensual,canarias
2019-05-01T00:00:00.000+02:00,3.0314309598921114,1.0,Variación mensual,canarias
2019-06-01T00:00:00.000+02:00,7.907297121017249,1.0,Variación mensual,canarias
2019-07-01T00:00:00.000+02:00,4.827593739419162,1.0,Variación mensual,canarias
2019-08-01T00:00:00.000+02:00,1.23275960926994,1.0,Variación mensual,canarias
2019-09-01T00:00:00.000+02:00,-1.7549721172654156,1.0,Variación mensual,canarias
2019-10-01T00:00:00.000+02:00,7.487184157797488,1.0,Variación mensual,canarias
2019-11-01T00:00:00.000+01:00,9.203040940837065,1.0,Variación mensual,canarias
2019-12-01T00:00:00.000+01:00,8.227406486060115,1.0,Variación mensual,canarias
2019-01-01T00:00:00.000+01:00,-7.349516509615825,1.0,Variación mensual corregida,canarias
2019-02-01T00:00:00.000+01:00,-1.9743336623889516,1.0,Variación mensual corregida,canarias
2019-03-01T00:00:00.000+01:00,6.743580622210719,1.0,Variación mensual corregida,canarias
2019-04-01T00:00:00.000+02:00,-2.496208486799332,1.0,Variación mensual corregida,canarias
2019-05-01T00:00:00.000+02:00,-1.3002744109884061,1.0,Variación mensual corregida,canarias
2019-06-01T00:00:00.000+02:00,6.485449312440046,1.0,Variación mensual corregida,canarias
2019-07-01T00:00:00.000+02:00,2.48267483034522,1.0,Variación mensual corregida,canarias
2019-08-01T00:00:00.000+02:00,2.5475781299726177,1.0,Variación mensual corregida,canarias
2019-09-01T00:00:00.000+02:00,2.329982756445301,1.0,Variación mensual corregida,canarias
2019-10-01T00:00:00.000+02:00,5.3487110124808765,1.0,Variación mensual corregida,canarias
2019-11-01T00:00:00.000+01:00,8.273269318263448,1.0,Variación mensual corregida,canarias
2019-12-01T00:00:00.000+01:00,7.859049207673062,1.0,Variación mensual corregida,canarias
2019-01-01T00:00:00.000+01:00,133.623,0.5265433023083531,Índice servicios,baleares
2019-02-01T00:00:00.000+01:00,127.588,0.5048871020078668,Índice servicios,baleares
2019-03-01T00:00:00.000+01:00,152.204,0.5354902491969616,Índice servicios,baleares
2019-04-01T00:00:00.000+02:00,140.497,0.5271793986649507,Índice servicios,baleares
2019-05-01T00:00:00.000+02:00,168.851,0.5612408717878831,Índice servicios,baleares
2019-06-01T00:00:00.000+02:00,177.023,0.5706461647567009,Índice servicios,baleares
2019-07-01T00:00:00.000+02:00,191.954,0.599543363307274,Índice servicios,baleares
2019-08-01T00:00:00.000+02:00,194.211,0.6010844906081999,Índice servicios,baleares
2019-09-01T00:00:00.000+02:00,161.729,0.5707061796008244,Índice servicios,baleares
2019-10-01T00:00:00.000+02:00,165.225,0.5595195361973329,Índice servicios,baleares
2019-11-01T00:00:00.000+01:00,148.384,0.522420009013069,Índice servicios,baleares
2019-12-01T00:00:00.000+01:00,142.7,0.5245879943975325,Índice servicios,baleares
2019-01-01T00:00:00.000+01:00,120.151,0.46004116849116555,Índice servicios corregido,baleares
2019-02-01T00:00:00.000+01:00,125.118,0.49300293090276825,Índice servicios corregido,baleares
2019-03-01T00:00:00.000+01:00,132.029,0.4490794623589235,Índice servicios corregido,baleares
2019-04-01T00:00:00.000+02:00,126.01,0.4665780016677622,Índice servicios corregido,baleares
2019-05-01T00:00:00.000+02:00,132.002,0.43438224058744934,Índice servicios corregido,baleares
2019-06-01T00:00:00.000+02:00,133.192,0.4186817497716367,Índice servicios corregido,baleares
2019-07-01T00:00:00.000+02:00,128.213,0.39450810096490785,Índice servicios corregido,baleares
2019-08-01T00:00:00.000+02:00,128.89,0.3973992721426096,Índice servicios corregido,baleares
2019-09-01T00:00:00.000+02:00,121.655,0.42665160464269514,Índice servicios corregido,baleares
2019-10-01T00:00:00.000+02:00,130.073,0.4295883907325268,Índice servicios corregido,baleares
2019-11-01T00:00:00.000+01:00,135.648,0.4625913723161355,Índice servicios corregido,baleares
2019-12-01T00:00:00.000+01:00,129.323,0.4614551736838699,Índice servicios corregido,baleares
2019-01-01T00:00:00.000+01:00,-7.400451830189465,1.0,Variación mensual,baleares
2019-02-01T00:00:00.000+01:00,-1.081537877084585,1.0,Variación mensual,baleares
2019-03-01T00:00:00.000+01:00,9.766194054607608,1.0,Variación mensual,baleares
2019-04-01T00:00:00.000+02:00,-3.5657414271202215,1.0,Variación mensual,baleares
2019-05-01T00:00:00.000+02:00,3.0314309598921114,1.0,Variación mensual,baleares
2019-06-01T00:00:00.000+02:00,7.907297121017249,1.0,Variación mensual,baleares
2019-07-01T00:00:00.000+02:00,4.827593739419162,1.0,Variación mensual,baleares
2019-08-01T00:00:00.000+02:00,1.23275960926994,1.0,Variación mensual,baleares
2019-09-01T00:00:00.000+02:00,-1.7549721172654156,1.0,Variación mensual,baleares
2019-10-01T00:00:00.000+02:00,7.487184157797488,1.0,Variación mensual,baleares
2019-11-01T00:00:00.000+01:00,9.203040940837065,1.0,Variación mensual,baleares
2019-12-01T00:00:00.000+01:00,8.227406486060115,1.0,Variación mensual,baleares
2019-01-01T00:00:00.000+01:00,-7.349516509615825,1.0,Variación mensual corregida,baleares
2019-02-01T00:00:00.000+01:00,-1.9743336623889516,1.0,Variación mensual corregida,baleares
2019-03-01T00:00:00.000+01:00,6.743580622210719,1.0,Variación mensual corregida,baleares
2019-04-01T00:00:00.000+02:00,-2.496208486799332,1.0,Variación mensual corregida,baleares
2019-05-01T00:00:00.000+02:00,-1.3002744109884061,1.0,Variación mensual corregida,baleares
2019-06-01T00:00:00.000+02:00,6.485449312440046,1.0,Variación mensual corregida,baleares
2019-07-01T00:00:00.000+02:00,2.48267483034522,1.0,Variación mensual corregida,baleares
2019-08-01T00:00:00.000+02:00,2.5475781299726177,1.0,Variación mensual corregida,baleares
2019-09-01T00:00:00.000+02:00,2.329982756445301,1.0,Variación mensual corregida,baleares
2019-10-01T00:00:00.000+02:00,5.3487110124808765,1.0,Variación mensual corregida,baleares
2019-11-01T00:00:00.000+01:00,8.273269318263448,1.0,Variación mensual corregida,baleares
2019-12-01T00:00:00.000+01:00,7.859049207673062,1.0,Variación mensual corregida,baleares
2019-01-01T00:00:00.000+01:00,133.623,0.5265433023083531,Índice servicios,ceuta
2019-02-01T00:00:00.000+01:00,127.588,0.5048871020078668,Índice servicios,ceuta
2019-03-01T00:00:00.000+01:00,152.204,0.5354902491969616,Índice servicios,ceuta
2019-04-01T00:00:00.000+02:00,140.497,0.5271793986649507,Índice servicios,ceuta
2019-05-01T00:00:00.000+02:00,168.851,0.5612408717878831,Índice servicios,ceuta
2019-06-01T00:00:00.000+02:00,177.023,0.5706461647567009,Índice servicios,ceuta
2019-07-01T00:00:00.000+02:00,191.954,0.599543363307274,Índice servicios,ceuta
2019-08-01T00:00:00.000+02:00,194.211,0.6010844906081999,Índice servicios,ceuta
2019-09-01T00:00:00.000+02:00,161.729,0.5707061796008244,Índice servicios,ceuta
2019-10-01T00:00:00.000+02:00,165.225,0.5595195361973329,Índice servicios,ceuta
2019-11-01T00:00:00.000+01:00,148.384,0.522420009013069,Índice servicios,ceuta
2019-12-01T00:00:00.000+01:00,142.7,0.5245879943975325,Índice servicios,ceuta
2019-01-01T00:00:00.000+01:00,120.151,0.46004116849116555,Índice servicios corregido,ceuta
2019-02-01T00:00:00.000+01:00,125.118,0.49300293090276825,Índice servicios corregido,ceuta
2019-03-01T00:00:00.000+01:00,132.029,0.4490794623589235,Índice servicios corregido,ceuta
2019-04-01T00:00:00.000+02:00,126.01,0.4665780016677622,Índice servicios corregido,ceuta
2019-05-01T00:00:00.000+02:00,132.002,0.43438224058744934,Índice servicios corregido,ceuta
2019-06-01T00:00:00.000+02:00,133.192,0.4186817497716367,Índice servicios corregido,ceuta
2019-07-01T00:00:00.000+02:00,128.213,0.39450810096490785,Índice servicios corregido,ceuta
2019-08-01T00:00:00.000+02:00,128.89,0.3973992721426096,Índice servicios corregido,ceuta
2019-09-01T00:00:00.000+02:00,121.655,0.42665160464269514,Índice servicios corregido,ceuta
2019-10-01T00:00:00.000+02:00,130.073,0.4295883907325268,Índice servicios corregido,ceuta
2019-11-01T00:00:00.000+01:00,135.648,0.4625913723161355,Índice servicios corregido,ceuta
2019-12-01T00:00:00.000+01:00,129.323,0.4614551736838699,Índice servicios corregido,ceuta
2019-01-01T00:00:00.000+01:00,-7.400451830189465,1.0,Variación mensual,ceuta
2019-02-01T00:00:00.000+01:00,-1.081537877084585,1.0,Variación mensual,ceuta
2019-03-01T00:00:00.000+01:00,9.766194054607608,1.0,Variación mensual,ceuta
2019-04-01T00:00:00.000+02:00,-3.5657414271202215,1.0,Variación mensual,ceuta
2019-05-01T00:00:00.000+02:00,3.0314309598921114,1.0,Variación mensual,ceuta
2019-06-01T00:00:00.000+02:00,7.907297121017249,1.0,Variación mensual,ceuta
2019-07-01T00:00:00.000+02:00,4.827593739419162,1.0,Variación mensual,ceuta
2019-08-01T00:00:00.000+02:00,1.23275960926994,1.0,Variación mensual,ceuta
2019-09-01T00:00:00.000+02:00,-1.7549721172654156,1.0,Variación mensual,ceuta
2019-10-01T00:00:00.000+02:00,7.487184157797488,1.0,Variación mensual,ceuta
2019-11-01T00:00:00.000+01:00,9.203040940837065,1.0,Variación mensual,ceuta
2019-12-01T00:00:00.000+01:00,8.227406486060115,1.0,Variación mensual,ceuta
2019-01-01T00:00:00.000+01:00,-7.349516509615825,1.0,Variación mensual corregida,ceuta
2019-02-01T00:00:00.000+01:00,-1.9743336623889516,1.0,Variación mensual corregida,ceuta
2019-03-01T00:00:00.000+01:00,6.743580622210719,1.0,Variación mensual corregida,ceuta
2019-04-01T00:00:00.000+02:00,-2.496208486799332,1.0,Variación mensual corregida,ceuta
2019-05-01T00:00:00.000+02:00,-1.3002744109884061,1.0,Variación mensual corregida,ceuta
2019-06-01T00:00:00.000+02:00,6.485449312440046,1.0,Variación mensual corregida,ceuta
2019-07-01T00:00:00.000+02:00,2.48267483034522,1.0,Variación mensual corregida,ceuta
2019-08-01T00:00:00.000+02:00,2.5475781299726177,1.0,Variación mensual corregida,ceuta
2019-09-01T00:00:00.000+02:00,2.329982756445301,1.0,Variación mensual corregida,ceuta
2019-10-01T00:00:00.000+02:00,5.3487110124808765,1.0,Variación mensual corregida,ceuta
2019-11-01T00:00:00.000+01:00,8.273269318263448,1.0,Variación mensual corregida,ceuta
2019-12-01T00:00:00.000+01:00,7.859049207673062,1.0,Variación mensual corregida,ceuta
2019-01-01T00:00:00.000+01:00,133.623,0.5265433023083531,Índice servicios,melilla
2019-02-01T00:00:00.000+01:00,127.588,0.5048871020078668,Índice servicios,melilla
2019-03-01T00:00:00.000+01:00,152.204,0.5354902491969616,Índice servicios,melilla
2019-04-01T00:00:00.000+02:00,140.497,0.5271793986649507,Índice servicios,melilla
2019-05-01T00:00:00.000+02:00,168.851,0.5612408717878831,Índice servicios,melilla
2019-06-01T00:00:00.000+02:00,177.023,0.5706461647567009,Índice servicios,melilla
2019-07-01T00:00:00.000+02:00,191.954,0.599543363307274,Índice servicios,melilla
2019-08-01T00:00:00.000+02:00,194.211,0.6010844906081999,Índice servicios,melilla
2019-09-01T00:00:00.000+02:00,161.729,0.5707061796008244,Índice servicios,melilla
2019-10-01T00:00:00.000+02:00,165.225,0.5595195361973329,Índice servicios,melilla
2019-11-01T00:00:00.000+01:00,148.384,0.522420009013069,Índice servicios,melilla
2019-12-01T00:00:00.000+01:00,142.7,0.5245879943975325,Índice servicios,melilla
2019-01-01T00:00:00.000+01:00,120.151,0.46004116849116555,Índice servicios corregido,melilla
2019-02-01T00:00:00.000+01:00,125.118,0.49300293090276825,Índice servicios corregido,melilla
2019-03-01T00:00:00.000+01:00,132.029,0.4490794623589235,Índice servicios corregido,melilla
2019-04-01T00:00:00.000+02:00,126.01,0.4665780016677622,Índice servicios corregido,melilla
2019-05-01T00:00:00.000+02:00,132.002,0.43438224058744934,Índice servicios corregido,melilla
2019-06-01T00:00:00.000+02:00,133.192,0.4186817497716367,Índice servicios corregido,melilla
2019-07-01T00:00:00.000+02:00,128.213,0.39450810096490785,Índice servicios corregido,melilla
2019-08-01T00:00:00.000+02:00,128.89,0.3973992721426096,Índice servicios corregido,melilla
2019-09-01T00:00:00.000+02:00,121.655,0.42665160464269514,Índice servicios corregido,melilla
2019-10-01T00:00:00.000+02:00,130.073,0.4295883907325268,Índice servicios corregido,melilla
2019-11-01T00:00:00.000+01:00,135.648,0.4625913723161355,Índice servicios corregido,melilla
2019-12-01T00:00:00.000+01:00,129.323,0.4614551736838699,Índice servicios corregido,melilla
2019-01-01T00:00:00.000+01:00,-7.400451830189465,1.0,Variación mensual,melilla
2019-02-01T00:00:00.000+01:00,-1.081537877084585,1.0,Variación mensual,melilla
2019-03-01T00:00:00.000+01:00,9.766194054607608,1.0,Variación mensual,melilla
2019-04-01T00:00:00.000+02:00,-3.5657414271202215,1.0,Variación mensual,melilla
2019-05-01T00:00:00.000+02:00,3.0314309598921114,1.0,Variación mensual,melilla
2019-06-01T00:00:00.000+02:00,7.907297121017249,1.0,Variación mensual,melilla
2019-07-01T00:00:00.000+02:00,4.827593739419162,1.0,Variación mensual,melilla
2019-08-01T00:00:00.000+02:00,1.23275960926994,1.0,Variación mensual,melilla
2019-09-01T00:00:00.000+02:00,-1.7549721172654156,1.0,Variación mensual,melilla
2019-10-01T00:00:00.000+02:00,7.487184157797488,1.0,Variación mensual,melilla
2019-11-01T00:00:00.000+01:00,9.203040940837065,1.0,Variación mensual,melilla
2019-12-01T00:00:00.000+01:00,8.227406486060115,1.0,Variación mensual,melilla
2019-01-01T00:00:00.000+01:00,-7.349516509615825,1.0,Variación mensual corregida,melilla
2019-02-01T00:00:00.000+01:00,-1.9743336623889516,1.0,Variación mensual corregida,melilla
2019-03-01T00:00:00.000+01:00,6.743580622210719,1.0,Variación mensual corregida,melilla
2019-04-01T00:00:00.000+02:00,-2.496208486799332,1.0,Variación mensual corregida,melilla
2019-05-01T00:00:00.000+02:00,-1.3002744109884061,1.0,Variación mensual corregida,melilla
2019-06-01T00:00:00.000+02:00,6.485449312440046,1.0,Variación mensual corregida,melilla
2019-07-01T00:00:00.000+02:00,2.48267483034522,1.0,Variación mensual corregida,melilla
2019-08-01T00:00:00.000+02:00,2.5475781299726177,1.0,Variación mensual corregida,melilla
2019-09-01T00:00:00.000+02:00,2.329982756445301,1.0,Variación mensual corregida,melilla
2019-10-01T00:00:00.000+02:00,5.3487110124808765,1.0,Variación mensual corregida,melilla
2019-11-01T00:00:00.000+01:00,8.273269318263448,1.0,Variación mensual corregida,melilla
2019-12-01T00:00:00.000+01:00,7.859049207673062,1.0,Variación mensual corregida,melilla
2019-01-01T00:00:00.000+01:00,133.623,0.5265433023083531,Índice servicios,andalucia
2019-02-01T00:00:00.000+01:00,127.588,0.5048871020078668,Índice servicios,andalucia
2019-03-01T00:00:00.000+01:00,152.204,0.5354902491969616,Índice servicios,andalucia
2019-04-01T00:00:00.000+02:00,140.497,0.5271793986649507,Índice servicios,andalucia
2019-05-01T00:00:00.000+02:00,168.851,0.5612408717878831,Índice servicios,andalucia
2019-06-01T00:00:00.000+02:00,177.023,0.5706461647567009,Índice servicios,andalucia
2019-07-01T00:00:00.000+02:00,191.954,0.599543363307274,Índice servicios,andalucia
2019-08-01T00:00:00.000+02:00,194.211,0.6010844906081999,Índice servicios,andalucia
2019-09-01T00:00:00.000+02:00,161.729,0.5707061796008244,Índice servicios,andalucia
2019-10-01T00:00:00.000+02:00,165.225,0.5595195361973329,Índice servicios,andalucia
2019-11-01T00:00:00.000+01:00,148.384,0.522420009013069,Índice servicios,andalucia
2019-12-01T00:00:00.000+01:00,142.7,0.5245879943975325,Índice servicios,andalucia
2019-01-01T00:00:00.000+01:00,120.151,0.46004116849116555,Índice servicios corregido,andalucia
2019-02-01T00:00:00.000+01:00,125.118,0.49300293090276825,Índice servicios corregido,andalucia
2019-03-01T00:00:00.000+01:00,132.029,0.4490794623589235,Índice servicios corregido,andalucia
2019-04-01T00:00:00.000+02:00,126.01,0.4665780016677622,Índice servicios corregido,andalucia
2019-05-01T00:00:00.000+02:00,132.002,0.43438224058744934,Índice servicios corregido,andalucia
2019-06-01T00:00:00.000+02:00,133.192,0.4186817497716367,Índice servicios corregido,andalucia
2019-07-01T00:00:00.000+02:00,128.213,0.39450810096490785,Índice servicios corregido,andalucia
2019-08-01T00:00:00.000+02:00,128.89,0.3973992721426096,Índice servicios corregido,andalucia
2019-09-01T00:00:00.000+02:00,121.655,0.42665160464269514,Índice servicios corregido,andalucia
2019-10-01T00:00:00.000+02:00,130.073,0.4295883907325268,Índice servicios corregido,andalucia
2019-11-01T00:00:00.000+01:00,135.648,0.4625913723161355,Índice servicios corregido,andalucia
2019-12-01T00:00:00.000+01:00,129.323,0.4614551736838699,Índice servicios corregido,andalucia
2019-01-01T00:00:00.000+01:00,-7.400451830189465,1.0,Variación mensual,andalucia
2019-02-01T00:00:00.000+01:00,-1.081537877084585,1.0,Variación mensual,andalucia
2019-03-01T00:00:00.000+01:00,9.766194054607608,1.0,Variación mensual,andalucia
2019-04-01T00:00:00.000+02:00,-3.5657414271202215,1.0,Variación mensual,andalucia
2019-05-01T00:00:00.000+02:00,3.0314309598921114,1.0,Variación mensual,andalucia
2019-06-01T00:00:00.000+02:00,7.907297121017249,1.0,Variación mensual,andalucia
2019-07-01T00:00:00.000+02:00,4.827593739419162,1.0,Variación mensual,andalucia
2019-08-01T00:00:00.000+02:00,1.23275960926994,1.0,Variación mensual,andalucia
2019-09-01T00:00:00.000+02:00,-1.7549721172654156,1.0,Variación mensual,andalucia
2019-10-01T00:00:00.000+02:00,7.487184157797488,1.0,Variación mensual,andalucia
2019-11-01T00:00:00.000+01:00,9.203040940837065,1.0,Variación mensual,andalucia
2019-12-01T00:00:00.000+01:00,8.227406486060115,1.0,Variación mensual,andalucia
2019-01-01T00:00:00.000+01:00,-7.349516509615825,1.0,Variación mensual corregida,andalucia
2019-02-01T00:00:00.000+01:00,-1.9743336623889516,1.0,Variación mensual corregida,andalucia
2019-03-01T00:00:00.000+01:00,6.743580622210719,1.0,Variación mensual corregida,andalucia
2019-04-01T00:00:00.000+02:00,-2.496208486799332,1.0,Variación mensual corregida,andalucia
2019-05-01T00:00:00.000+02:00,-1.3002744109884061,1.0,Variación mensual corregida,andalucia
2019-06-01T00:00:00.000+02:00,6.485449312440046,1.0,Variación mensual corregida,andalucia
2019-07-01T00:00:00.000+02:00,2.48267483034522,1.0,Variación mensual corregida,andalucia
2019-08-01T00:00:00.000+02:00,2.5475781299726177,1.0,Variación mensual corregida,andalucia
2019-09-01T00:00:00.000+02:00,2.329982756445301,1.0,Variación mensual corregida,andalucia
2019-10-01T00:00:00.000+02:00,5.3487110124808765,1.0,Variación mensual corregida,andalucia
2019-11-01T00:00:00.000+01:00,8.273269318263448,1.0,Variación mensual corregida,andalucia
2019-12-01T00:00:00.000+01:00,7.859049207673062,1.0,Variación mensual corregida,andalucia
2019-01-01T00:00:00.000+01:00,133.623,0.5265433023083531,Índice servicios,aragon
2019-02-01T00:00:00.000+01:00,127.588,0.5048871020078668,Índice servicios,aragon
2019-03-01T00:00:00.000+01:00,152.204,0.5354902491969616,Índice servicios,aragon
2019-04-01T00:00:00.000+02:00,140.497,0.5271793986649507,Índice servicios,aragon
2019-05-01T00:00:00.000+02:00,168.851,0.5612408717878831,Índice servicios,aragon
2019-06-01T00:00:00.000+02:00,177.023,0.5706461647567009,Índice servicios,aragon
2019-07-01T00:00:00.000+02:00,191.954,0.599543363307274,Índice servicios,aragon
2019-08-01T00:00:00.000+02:00,194.211,0.6010844906081999,Índice servicios,aragon
2019-09-01T00:00:00.000+02:00,161.729,0.5707061796008244,Índice servicios,aragon
2019-10-01T00:00:00.000+02:00,165.225,0.5595195361973329,Índice servicios,aragon
2019-11-01T00:00:00.000+01:00,148.384,0.522420009013069,Índice servicios,aragon
2019-12-01T00:00:00.000+01:00,142.7,0.5245879943975325,Índice servicios,aragon
2019-01-01T00:00:00.000+01:00,120.151,0.46004116849116555,Índice servicios corregido,aragon
2019-02-01T00:00:00.000+01:00,125.118,0.49300293090276825,Índice servicios corregido,aragon
2019-03-01T00:00:00.000+01:00,132.029,0.4490794623589235,Índice servicios corregido,aragon
2019-04-01T00:00:00.000+02:00,126.01,0.4665780016677622,Índice servicios corregido,aragon
2019-05-01T00:00:00.000+02:00,132.002,0.43438224058744934,Índice servicios corregido,aragon
2019-06-01T00:00:00.000+02:00,133.192,0.4186817497716367,Índice servicios corregido,aragon
2019-07-01T00:00:00.000+02:00,128.213,0.39450810096490785,Índice servicios corregido,aragon
2019-08-01T00:00:00.000+02:00,128.89,0.3973992721426096,Índice servicios corregido,aragon
2019-09-01T00:00:00.000+02:00,121.655,0.42665160464269514,Índice servicios corregido,aragon
2019-10-01T00:00:00.000+02:00,130.073,0.4295883907325268,Índice servicios corregido,aragon
2019-11-01T00:00:00.000+01:00,135.648,0.4625913723161355,Índice servicios corregido,aragon
2019-12-01T00:00:00.000+01:00,129.323,0.4614551736838699,Índice servicios corregido,aragon
2019-01-01T00:00:00.000+01:00,-7.400451830189465,1.0,Variación mensual,aragon
2019-02-01T00:00:00.000+01:00,-1.081537877084585,1.0,Variación mensual,aragon
2019-03-01T00:00:00.000+01:00,9.766194054607608,1.0,Variación mensual,aragon
2019-04-01T00:00:00.000+02:00,-3.5657414271202215,1.0,Variación mensual,aragon
2019-05-01T00:00:00.000+02:00,3.0314309598921114,1.0,Variación mensual,aragon
2019-06-01T00:00:00.000+02:00,7.907297121017249,1.0,Variación mensual,aragon
2019-07-01T00:00:00.000+02:00,4.827593739419162,1.0,Variación mensual,aragon
2019-08-01T00:00:00.000+02:00,1.23275960926994,1.0,Variación mensual,aragon
2019-09-01T00:00:00.000+02:00,-1.7549721172654156,1.0,Variación mensual,aragon
2019-10-01T00:00:00.000+02:00,7.487184157797488,1.0,Variación mensual,aragon
2019-11-01T00:00:00.000+01:00,9.203040940837065,1.0,Variación mensual,aragon
2019-12-01T00:00:00.000+01:00,8.227406486060115,1.0,Variación mensual,aragon
2019-01-01T00:00:00.000+01:00,-7.349516509615825,1.0,Variación mensual corregida,aragon
2019-02-01T00:00:00.000+01:00,-1.9743336623889516,1.0,Variación mensual corregida,aragon
2019-03-01T00:00:00.000+01:00,6.743580622210719,1.0,Variación mensual corregida,aragon
2019-04-01T00:00:00.000+02:00,-2.496208486799332,1.0,Variación mensual corregida,aragon
2019-05-01T00:00:00.000+02:00,-1.3002744109884061,1.0,Variación mensual corregida,aragon
2019-06-01T00:00:00.000+02:00,6.485449312440046,1.0,Variación mensual corregida,aragon
2019-07-01T00:00:00.000+02:00,2.48267483034522,1.0,Variación mensual corregida,aragon
2019-08-01T00:00:00.000+02:00,2.5475781299726177,1.0,Variación mensual corregida,aragon
2019-09-01T00:00:00.000+02:00,2.329982756445301,1.0,Variación mensual corregida,aragon
2019-10-01T00:00:00.000+02:00,5.3487110124808765,1.0,Variación mensual corregida,aragon
2019-11-01T00:00:00.000+01:00,8.273269318263448,1.0,Variación mensual corregida,aragon
2019-12-01T00:00:00.000+01:00,7.859049207673062,1.0,Variación mensual corregida,aragon
2019-01-01T00:00:00.000+01:00,133.623,0.5265433023083531,Índice servicios,cantabria
2019-02-01T00:00:00.000+01:00,127.588,0.5048871020078668,Índice servicios,cantabria
2019-03-01T00:00:00.000+01:00,152.204,0.5354902491969616,Índice servicios,cantabria
2019-04-01T00:00:00.000+02:00,140.497,0.5271793986649507,Índice servicios,cantabria
2019-05-01T00:00:00.000+02:00,168.851,0.5612408717878831,Índice servicios,cantabria
2019-06-01T00:00:00.000+02:00,177.023,0.5706461647567009,Índice servicios,cantabria
2019-07-01T00:00:00.000+02:00,191.954,0.599543363307274,Índice servicios,cantabria
2019-08-01T00:00:00.000+02:00,194.211,0.6010844906081999,Índice servicios,cantabria
2019-09-01T00:00:00.000+02:00,161.729,0.5707061796008244,Índice servicios,cantabria
2019-10-01T00:00:00.000+02:00,165.225,0.5595195361973329,Índice servicios,cantabria
2019-11-01T00:00:00.000+01:00,148.384,0.522420009013069,Índice servicios,cantabria
2019-12-01T00:00:00.000+01:00,142.7,0.5245879943975325,Índice servicios,cantabria
2019-01-01T00:00:00.000+01:00,120.151,0.46004116849116555,Índice servicios corregido,cantabria
2019-02-01T00:00:00.000+01:00,125.118,0.49300293090276825,Índice servicios corregido,cantabria
2019-03-01T00:00:00.000+01:00,132.029,0.4490794623589235,Índice servicios corregido,cantabria
2019-04-01T00:00:00.000+02:00,126.01,0.4665780016677622,Índice servicios corregido,cantabria
2019-05-01T00:00:00.000+02:00,132.002,0.43438224058744934,Índice servicios corregido,cantabria
2019-06-01T00:00:00.000+02:00,133.192,0.4186817497716367,Índice servicios corregido,cantabria
2019-07-01T00:00:00.000+02:00,128.213,0.39450810096490785,Índice servicios corregido,cantabria
2019-08-01T00:00:00.000+02:00,128.89,0.3973992721426096,Índice servicios corregido,cantabria
2019-09-01T00:00:00.000+02:00,121.655,0.42665160464269514,Índice servicios corregido,cantabria
2019-10-01T00:00:00.000+02:00,130.073,0.4295883907325268,Índice servicios corregido,cantabria
2019-11-01T00:00:00.000+01:00,135.648,0.4625913723161355,Índice servicios corregido,cantabria
2019-12-01T00:00:00.000+01:00,129.323,0.4614551736838699,Índice servicios corregido,cantabria
2019-01-01T00:00:00.000+01:00,-7.400451830189465,1.0,Variación mensual,cantabria
2019-02-01T00:00:00.000+01:00,-1.081537877084585,1.0,Variación mensual,cantabria
2019-03-01T00:00:00.000+01:00,9.766194054607608,1.0,Variación mensual,cantabria
2019-04-01T00:00:00.000+02:00,-3.5657414271202215,1.0,Variación mensual,cantabria
2019-05-01T00:00:00.000+02:00,3.0314309598921114,1.0,Variación mensual,cantabria
2019-06-01T00:00:00.000+02:00,7.907297121017249,1.0,Variación mensual,cantabria
2019-07-01T00:00:00.000+02:00,4.827593739419162,1.0,Variación mensual,cantabria
2019-08-01T00:00:00.000+02:00,1.23275960926994,1.0,Variación mensual,cantabria
2019-09-01T00:00:00.000+02:00,-1.7549721172654156,1.0,Variación mensual,cantabria
2019-10-01T00:00:00.000+02:00,7.487184157797488,1.0,Variación mensual,cantabria
2019-11-01T00:00:00.000+01:00,9.203040940837065,1.0,Variación mensual,cantabria
2019-12-01T00:00:00.000+01:00,8.227406486060115,1.0,Variación mensual,cantabria
2019-01-01T00:00:00.000+01:00,-7.349516509615825,1.0,Variación mensual corregida,cantabria
2019-02-01T00:00:00.000+01:00,-1.9743336623889516,1.0,Variación mensual corregida,cantabria
2019-03-01T00:00:00.000+01:00,6.743580622210719,1.0,Variación mensual corregida,cantabria
2019-04-01T00:00:00.000+02:00,-2.496208486799332,1.0,Variación mensual corregida,cantabria
2019-05-01T00:00:00.000+02:00,-1.3002744109884061,1.0,Variación mensual corregida,cantabria
2019-06-01T00:00:00.000+02:00,6.485449312440046,1.0,Variación mensual corregida,cantabria
2019-07-01T00:00:00.000+02:00,2.48267483034522,1.0,Variación mensual corregida,cantabria
2019-08-01T00:00:00.000+02:00,2.5475781299726177,1.0,Variación mensual corregida,cantabria
2019-09-01T00:00:00.000+02:00,2.329982756445301,1.0,Variación mensual corregida,cantabria
2019-10-01T00:00:00.000+02:00,5.3487110124808765,1.0,Variación mensual corregida,cantabria
2019-11-01T00:00:00.000+01:00,8.273269318263448,1.0,Variación mensual corregida,cantabria
2019-12-01T00:00:00.000+01:00,7.859049207673062,1.0,Variación mensual corregida,cantabria
2019-01-01T00:00:00.000+01:00,133.623,0.5265433023083531,Índice servicios,castilla la mancha
2019-02-01T00:00:00.000+01:00,127.588,0.5048871020078668,Índice servicios,castilla la mancha
2019-03-01T00:00:00.000+01:00,152.204,0.5354902491969616,Índice servicios,castilla la mancha
2019-04-01T00:00:00.000+02:00,140.497,0.5271793986649507,Índice servicios,castilla la mancha
2019-05-01T00:00:00.000+02:00,168.851,0.5612408717878831,Índice servicios,castilla la mancha
2019-06-01T00:00:00.000+02:00,177.023,0.5706461647567009,Índice servicios,castilla la mancha
2019-07-01T00:00:00.000+02:00,191.954,0.599543363307274,Índice servicios,castilla la mancha
2019-08-01T00:00:00.000+02:00,194.211,0.6010844906081999,Índice servicios,castilla la mancha
2019-09-01T00:00:00.000+02:00,161.729,0.5707061796008244,Índice servicios,castilla la mancha
2019-10-01T00:00:00.000+02:00,165.225,0.5595195361973329,Índice servicios,castilla la mancha
2019-11-01T00:00:00.000+01:00,148.384,0.522420009013069,Índice servicios,castilla la mancha
2019-12-01T00:00:00.000+01:00,142.7,0.5245879943975325,Índice servicios,castilla la mancha
2019-01-01T00:00:00.000+01:00,120.151,0.46004116849116555,Índice servicios corregido,castilla la mancha
2019-02-01T00:00:00.000+01:00,125.118,0.49300293090276825,Índice servicios corregido,castilla la mancha
2019-03-01T00:00:00.000+01:00,132.029,0.4490794623589235,Índice servicios corregido,castilla la mancha
2019-04-01T00:00:00.000+02:00,126.01,0.4665780016677622,Índice servicios corregido,castilla la mancha
2019-05-01T00:00:00.000+02:00,132.002,0.43438224058744934,Índice servicios corregido,castilla la mancha
2019-06-01T00:00:00.000+02:00,133.192,0.4186817497716367,Índice servicios corregido,castilla la mancha
2019-07-01T00:00:00.000+02:00,128.213,0.39450810096490785,Índice servicios corregido,castilla la mancha
2019-08-01T00:00:00.000+02:00,128.89,0.3973992721426096,Índice servicios corregido,castilla la mancha
2019-09-01T00:00:00.000+02:00,121.655,0.42665160464269514,Índice servicios corregido,castilla la mancha
2019-10-01T00:00:00.000+02:00,130.073,0.4295883907325268,Índice servicios corregido,castilla la mancha
2019-11-01T00:00:00.000+01:00,135.648,0.4625913723161355,Índice servicios corregido,castilla la mancha
2019-12-01T00:00:00.000+01:00,129.323,0.4614551736838699,Índice servicios corregido,castilla la mancha
2019-01-01T00:00:00.000+01:00,-7.400451830189465,1.0,Variación mensual,castilla la mancha
2019-02-01T00:00:00.000+01:00,-1.081537877084585,1.0,Variación mensual,castilla la mancha
2019-03-01T00:00:00.000+01:00,9.766194054607608,1.0,Variación mensual,castilla la mancha
2019-04-01T00:00:00.000+02:00,-3.5657414271202215,1.0,Variación mensual,castilla la mancha
2019-05-01T00:00:00.000+02:00,3.0314309598921114,1.0,Variación mensual,castilla la mancha
2019-06-01T00:00:00.000+02:00,7.907297121017249,1.0,Variación mensual,castilla la mancha
2019-07-01T00:00:00.000+02:00,4.827593739419162,1.0,Variación mensual,castilla la mancha
2019-08-01T00:00:00.000+02:00,1.23275960926994,1.0,Variación mensual,castilla la mancha
2019-09-01T00:00:00.000+02:00,-1.7549721172654156,1.0,Variación mensual,castilla la mancha
2019-10-01T00:00:00.000+02:00,7.487184157797488,1.0,Variación mensual,castilla la mancha
2019-11-01T00:00:00.000+01:00,9.203040940837065,1.0,Variación mensual,castilla la mancha
2019-12-01T00:00:00.000+01:00,8.227406486060115,1.0,Variación mensual,castilla la mancha
2019-01-01T00:00:00.000+01:00,-7.349516509615825,1.0,Variación mensual corregida,castilla la mancha
2019-02-01T00:00:00.000+01:00,-1.9743336623889516,1.0,Variación mensual corregida,castilla la mancha
2019-03-01T00:00:00.000+01:00,6.743580622210719,1.0,Variación mensual corregida,castilla la mancha
2019-04-01T00:00:00.000+02:00,-2.496208486799332,1.0,Variación mensual corregida,castilla la mancha
2019-05-01T00:00:00.000+02:00,-1.3002744109884061,1.0,Variación mensual corregida,castilla la mancha
2019-06-01T00:00:00.000+02:00,6.485449312440046,1.0,Variación mensual corregida,castilla la mancha
2019-07-01T00:00:00.000+02:00,2.48267483034522,1.0,Variación mensual corregida,castilla la mancha
2019-08-01T00:00:00.000+02:00,2.5475781299726177,1.0,Variación mensual corregida,castilla la mancha
2019-09-01T00:00:00.000+02:00,2.329982756445301,1.0,Variación mensual corregida,castilla la mancha
2019-10-01T00:00:00.000+02:00,5.3487110124808765,1.0,Variación mensual corregida,castilla la mancha
2019-11-01T00:00:00.000+01:00,8.273269318263448,1.0,Variación mensual corregida,castilla la mancha
2019-12-01T00:00:00.000+01:00,7.859049207673062,1.0,Variación mensual corregida,castilla la mancha
2019-01-01T00:00:00.000+01:00,133.623,0.5265433023083531,Índice servicios,castilla y leon
2019-02-01T00:00:00.000+01:00,127.588,0.5048871020078668,Índice servicios,castilla y leon
2019-03-01T00:00:00.000+01:00,152.204,0.5354902491969616,Índice servicios,castilla y leon
2019-04-01T00:00:00.000+02:00,140.497,0.5271793986649507,Índice servicios,castilla y leon
2019-05-01T00:00:00.000+02:00,168.851,0.5612408717878831,Índice servicios,castilla y leon
2019-06-01T00:00:00.000+02:00,177.023,0.5706461647567009,Índice servicios,castilla y leon
2019-07-01T00:00:00.000+02:00,191.954,0.599543363307274,Índice servicios,castilla y leon
2019-08-01T00:00:00.000+02:00,194.211,0.6010844906081999,Índice servicios,castilla y leon
2019-09-01T00:00:00.000+02:00,161.729,0.5707061796008244,Índice servicios,castilla y leon
2019-10-01T00:00:00.000+02:00,165.225,0.5595195361973329,Índice servicios,castilla y leon
2019-11-01T00:00:00.000+01:00,148.384,0.522420009013069,Índice servicios,castilla y leon
2019-12-01T00:00:00.000+01:00,142.7,0.5245879943975325,Índice servicios,castilla y leon
2019-01-01T00:00:00.000+01:00,120.151,0.46004116849116555,Índice servicios corregido,castilla y leon
2019-02-01T00:00:00.000+01:00,125.118,0.49300293090276825,Índice servicios corregido,castilla y leon
2019-03-01T00:00:00.000+01:00,132.029,0.4490794623589235,Índice servicios corregido,castilla y leon
2019-04-01T00:00:00.000+02:00,126.01,0.4665780016677622,Índice servicios corregido,castilla y leon
2019-05-01T00:00:00.000+02:00,132.002,0.43438224058744934,Índice servicios corregido,castilla y leon
2019-06-01T00:00:00.000+02:00,133.192,0.4186817497716367,Índice servicios corregido,castilla y leon
2019-07-01T00:00:00.000+02:00,128.213,0.39450810096490785,Índice servicios corregido,castilla y leon
2019-08-01T00:00:00.000+02:00,128.89,0.3973992721426096,Índice servicios corregido,castilla y leon
2019-09-01T00:00:00.000+02:00,121.655,0.42665160464269514,Índice servicios corregido,castilla y leon
2019-10-01T00:00:00.000+02:00,130.073,0.4295883907325268,Índice servicios corregido,castilla y leon
2019-11-01T00:00:00.000+01:00,135.648,0.4625913723161355,Índice servicios corregido,castilla y leon
2019-12-01T00:00:00.000+01:00,129.323,0.4614551736838699,Índice servicios corregido,castilla y leon
2019-01-01T00:00:00.000+01:00,-7.400451830189465,1.0,Variación mensual,castilla y leon
2019-02-01T00:00:00.000+01:00,-1.081537877084585,1.0,Variación mensual,castilla y leon
2019-03-01T00:00:00.000+01:00,9.766194054607608,1.0,Variación mensual,castilla y leon
2019-04-01T00:00:00.000+02:00,-3.5657414271202215,1.0,Variación mensual,castilla y leon
2019-05-01T00:00:00.000+02:00,3.0314309598921114,1.0,Variación mensual,castilla y leon
2019-06-01T00:00:00.000+02:00,7.907297121017249,1.0,Variación mensual,castilla y leon
2019-07-01T00:00:00.000+02:00,4.827593739419162,1.0,Variación mensual,castilla y leon
2019-08-01T00:00:00.000+02:00,1.23275960926994,1.0,Variación mensual,castilla y leon
2019-09-01T00:00:00.000+02:00,-1.7549721172654156,1.0,Variación mensual,castilla y leon
2019-10-01T00:00:00.000+02:00,7.487184157797488,1.0,Variación mensual,castilla y leon
2019-11-01T00:00:00.000+01:00,9.203040940837065,1.0,Variación mensual,castilla y leon
2019-12-01T00:00:00.000+01:00,8.227406486060115,1.0,Variación mensual,castilla y leon
2019-01-01T00:00:00.000+01:00,-7.349516509615825,1.0,Variación mensual corregida,castilla y leon
2019-02-01T00:00:00.000+01:00,-1.9743336623889516,1.0,Variación mensual corregida,castilla y leon
2019-03-01T00:00:00.000+01:00,6.743580622210719,1.0,Variación mensual corregida,castilla y leon
2019-04-01T00:00:00.000+02:00,-2.496208486799332,1.0,Variación mensual corregida,castilla y leon
2019-05-01T00:00:00.000+02:00,-1.3002744109884061,1.0,Variación mensual corregida,castilla y leon
2019-06-01T00:00:00.000+02:00,6.485449312440046,1.0,Variación mensual corregida,castilla y leon
2019-07-01T00:00:00.000+02:00,2.48267483034522,1.0,Variación mensual corregida,castilla y leon
2019-08-01T00:00:00.000+02:00,2.5475781299726177,1.0,Variación mensual corregida,castilla y leon
2019-09-01T00:00:00.000+02:00,2.329982756445301,1.0,Variación mensual corregida,castilla y leon
2019-10-01T00:00:00.000+02:00,5.3487110124808765,1.0,Variación mensual corregida,castilla y leon
2019-11-01T00:00:00.000+01:00,8.273269318263448,1.0,Variación mensual corregida,castilla y leon
2019-12-01T00:00:00.000+01:00,7.859049207673062,1.0,Variación mensual corregida,castilla y leon
2019-01-01T00:00:00.000+01:00,133.623,0.5265433023083531,Índice servicios,cataluña
2019-02-01T00:00:00.000+01:00,127.588,0.5048871020078668,Índice servicios,cataluña
2019-03-01T00:00:00.000+01:00,152.204,0.5354902491969616,Índice servicios,cataluña
2019-04-01T00:00:00.000+02:00,140.497,0.5271793986649507,Índice servicios,cataluña
2019-05-01T00:00:00.000+02:00,168.851,0.5612408717878831,Índice servicios,cataluña
2019-06-01T00:00:00.000+02:00,177.023,0.5706461647567009,Índice servicios,cataluña
2019-07-01T00:00:00.000+02:00,191.954,0.599543363307274,Índice servicios,cataluña
2019-08-01T00:00:00.000+02:00,194.211,0.6010844906081999,Índice servicios,cataluña
2019-09-01T00:00:00.000+02:00,161.729,0.5707061796008244,Índice servicios,cataluña
2019-10-01T00:00:00.000+02:00,165.225,0.5595195361973329,Índice servicios,cataluña
2019-11-01T00:00:00.000+01:00,148.384,0.522420009013069,Índice servicios,cataluña
2019-12-01T00:00:00.000+01:00,142.7,0.5245879943975325,Índice servicios,cataluña
2019-01-01T00:00:00.000+01:00,120.151,0.46004116849116555,Índice servicios corregido,cataluña
2019-02-01T00:00:00.000+01:00,125.118,0.49300293090276825,Índice servicios corregido,cataluña
2019-03-01T00:00:00.000+01:00,132.029,0.4490794623589235,Índice servicios corregido,cataluña
2019-04-01T00:00:00.000+02:00,126.01,0.4665780016677622,Índice servicios corregido,cataluña
2019-05-01T00:00:00.000+02:00,132.002,0.43438224058744934,Índice servicios corregido,cataluña
2019-06-01T00:00:00.000+02:00,133.192,0.4186817497716367,Índice servicios corregido,cataluña
2019-07-01T00:00:00.000+02:00,128.213,0.39450810096490785,Índice servicios corregido,cataluña
2019-08-01T00:00:00.000+02:00,128.89,0.3973992721426096,Índice servicios corregido,cataluña
2019-09-01T00:00:00.000+02:00,121.655,0.42665160464269514,Índice servicios corregido,cataluña
2019-10-01T00:00:00.000+02:00,130.073,0.4295883907325268,Índice servicios corregido,cataluña
2019-11-01T00:00:00.000+01:00,135.648,0.4625913723161355,Índice servicios corregido,cataluña
2019-12-01T00:00:00.000+01:00,129.323,0.4614551736838699,Índice servicios corregido,cataluña
2019-01-01T00:00:00.000+01:00,-7.400451830189465,1.0,Variación mensual,cataluña
2019-02-01T00:00:00.000+01:00,-1.081537877084585,1.0,Variación mensual,cataluña
2019-03-01T00:00:00.000+01:00,9.766194054607608,1.0,Variación mensual,cataluña
2019-04-01T00:00:00.000+02:00,-3.5657414271202215,1.0,Variación mensual,cataluña
2019-05-01T00:00:00.000+02:00,3.0314309598921114,1.0,Variación mensual,cataluña
2019-06-01T00:00:00.000+02:00,7.907297121017249,1.0,Variación mensual,cataluña
2019-07-01T00:00:00.000+02:00,4.827593739419162,1.0,Variación mensual,cataluña
2019-08-01T00:00:00.000+02:00,1.23275960926994,1.0,Variación mensual,cataluña
2019-09-01T00:00:00.000+02:00,-1.7549721172654156,1.0,Variación mensual,cataluña
2019-10-01T00:00:00.000+02:00,7.487184157797488,1.0,Variación mensual,cataluña
2019-11-01T00:00:00.000+01:00,9.203040940837065,1.0,Variación mensual,cataluña
2019-12-01T00:00:00.000+01:00,8.227406486060115,1.0,Variación mensual,cataluña
2019-01-01T00:00:00.000+01:00,-7.349516509615825,1.0,Variación mensual corregida,cataluña
2019-02-01T00:00:00.000+01:00,-1.9743336623889516,1.0,Variación mensual corregida,cataluña
2019-03-01T00:00:00.000+01:00,6.743580622210719,1.0,Variación mensual corregida,cataluña
2019-04-01T00:00:00.000+02:00,-2.496208486799332,1.0,Variación mensual corregida,cataluña
2019-05-01T00:00:00.000+02:00,-1.3002744109884061,1.0,Variación mensual corregida,cataluña
2019-06-01T00:00:00.000+02:00,6.485449312440046,1.0,Variación mensual corregida,cataluña
2019-07-01T00:00:00.000+02:00,2.48267483034522,1.0,Variación mensual corregida,cataluña
2019-08-01T00:00:00.000+02:00,2.5475781299726177,1.0,Variación mensual corregida,cataluña
2019-09-01T00:00:00.000+02:00,2.329982756445301,1.0,Variación mensual corregida,cataluña
2019-10-01T00:00:00.000+02:00,5.3487110124808765,1.0,Variación mensual corregida,cataluña
2019-11-01T00:00:00.000+01:00,8.273269318263448,1.0,Variación mensual corregida,cataluña
2019-12-01T00:00:00.000+01:00,7.859049207673062,1.0,Variación mensual corregida,cataluña
2019-01-01T00:00:00.000+01:00,133.623,0.5265433023083531,Índice servicios,pais vasco
2019-02-01T00:00:00.000+01:00,127.588,0.5048871020078668,Índice servicios,pais vasco
2019-03-01T00:00:00.000+01:00,152.204,0.5354902491969616,Índice servicios,pais vasco
2019-04-01T00:00:00.000+02:00,140.497,0.5271793986649507,Índice servicios,pais vasco
2019-05-01T00:00:00.000+02:00,168.851,0.5612408717878831,Índice servicios,pais vasco
2019-06-01T00:00:00.000+02:00,177.023,0.5706461647567009,Índice servicios,pais vasco
2019-07-01T00:00:00.000+02:00,191.954,0.599543363307274,Índice servicios,pais vasco
2019-08-01T00:00:00.000+02:00,194.211,0.6010844906081999,Índice servicios,pais vasco
2019-09-01T00:00:00.000+02:00,161.729,0.5707061796008244,Índice servicios,pais vasco
2019-10-01T00:00:00.000+02:00,165.225,0.5595195361973329,Índice servicios,pais vasco
2019-11-01T00:00:00.000+01:00,148.384,0.522420009013069,Índice servicios,pais vasco
2019-12-01T00:00:00.000+01:00,142.7,0.5245879943975325,Índice servicios,pais vasco
2019-01-01T00:00:00.000+01:00,120.151,0.46004116849116555,Índice servicios corregido,pais vasco
2019-02-01T00:00:00.000+01:00,125.118,0.49300293090276825,Índice servicios corregido,pais vasco
2019-03-01T00:00:00.000+01:00,132.029,0.4490794623589235,Índice servicios corregido,pais vasco
2019-04-01T00:00:00.000+02:00,126.01,0.4665780016677622,Índice servicios corregido,pais vasco
2019-05-01T00:00:00.000+02:00,132.002,0.43438224058744934,Índice servicios corregido,pais vasco
2019-06-01T00:00:00.000+02:00,133.192,0.4186817497716367,Índice servicios corregido,pais vasco
2019-07-01T00:00:00.000+02:00,128.213,0.39450810096490785,Índice servicios corregido,pais vasco
2019-08-01T00:00:00.000+02:00,128.89,0.3973992721426096,Índice servicios corregido,pais vasco
2019-09-01T00:00:00.000+02:00,121.655,0.42665160464269514,Índice servicios corregido,pais vasco
2019-10-01T00:00:00.000+02:00,130.073,0.4295883907325268,Índice servicios corregido,pais vasco
2019-11-01T00:00:00.000+01:00,135.648,0.4625913723161355,Índice servicios corregido,pais vasco
2019-12-01T00:00:00.000+01:00,129.323,0.4614551736838699,Índice servicios corregido,pais vasco
2019-01-01T00:00:00.000+01:00,-7.400451830189465,1.0,Variación mensual,pais vasco
2019-02-01T00:00:00.000+01:00,-1.081537877084585,1.0,Variación mensual,pais vasco
2019-03-01T00:00:00.000+01:00,9.766194054607608,1.0,Variación mensual,pais vasco
2019-04-01T00:00:00.000+02:00,-3.5657414271202215,1.0,Variación mensual,pais vasco
2019-05-01T00:00:00.000+02:00,3.0314309598921114,1.0,Variación mensual,pais vasco
2019-06-01T00:00:00.000+02:00,7.907297121017249,1.0,Variación mensual,pais vasco
2019-07-01T00:00:00.000+02:00,4.827593739419162,1.0,Variación mensual,pais vasco
2019-08-01T00:00:00.000+02:00,1.23275960926994,1.0,Variación mensual,pais vasco
2019-09-01T00:00:00.000+02:00,-1.7549721172654156,1.0,Variación mensual,pais vasco
2019-10-01T00:00:00.000+02:00,7.487184157797488,1.0,Variación mensual,pais vasco
2019-11-01T00:00:00.000+01:00,9.203040940837065,1.0,Variación mensual,pais vasco
2019-12-01T00:00:00.000+01:00,8.227406486060115,1.0,Variación mensual,pais vasco
2019-01-01T00:00:00.000+01:00,-7.349516509615825,1.0,Variación mensual corregida,pais vasco
2019-02-01T00:00:00.000+01:00,-1.9743336623889516,1.0,Variación mensual corregida,pais vasco
2019-03-01T00:00:00.000+01:00,6.743580622210719,1.0,Variación mensual corregida,pais vasco
2019-04-01T00:00:00.000+02:00,-2.496208486799332,1.0,Variación mensual corregida,pais vasco
2019-05-01T00:00:00.000+02:00,-1.3002744109884061,1.0,Variación mensual corregida,pais vasco
2019-06-01T00:00:00.000+02:00,6.485449312440046,1.0,Variación mensual corregida,pais vasco
2019-07-01T00:00:00.000+02:00,2.48267483034522,1.0,Variación mensual corregida,pais vasco
2019-08-01T00:00:00.000+02:00,2.5475781299726177,1.0,Variación mensual corregida,pais vasco
2019-09-01T00:00:00.000+02:00,2.329982756445301,1.0,Variación mensual corregida,pais vasco
2019-10-01T00:00:00.000+02:00,5.3487110124808765,1.0,Variación mensual corregida,pais vasco
2019-11-01T00:00:00.000+01:00,8.273269318263448,1.0,Variación mensual corregida,pais vasco
2019-12-01T00:00:00.000+01:00,7.859049207673062,1.0,Variación mensual corregida,pais vasco
2019-01-01T00:00:00.000+01:00,133.623,0.5265433023083531,Índice servicios,principado de asturias
2019-02-01T00:00:00.000+01:00,127.588,0.5048871020078668,Índice servicios,principado de asturias
2019-03-01T00:00:00.000+01:00,152.204,0.5354902491969616,Índice servicios,principado de asturias
2019-04-01T00:00:00.000+02:00,140.497,0.5271793986649507,Índice servicios,principado de asturias
2019-05-01T00:00:00.000+02:00,168.851,0.5612408717878831,Índice servicios,principado de asturias
2019-06-01T00:00:00.000+02:00,177.023,0.5706461647567009,Índice servicios,principado de asturias
2019-07-01T00:00:00.000+02:00,191.954,0.599543363307274,Índice servicios,principado de asturias
2019-08-01T00:00:00.000+02:00,194.211,0.6010844906081999,Índice servicios,principado de asturias
2019-09-01T00:00:00.000+02:00,161.729,0.5707061796008244,Índice servicios,principado de asturias
2019-10-01T00:00:00.000+02:00,165.225,0.5595195361973329,Índice servicios,principado de asturias
2019-11-01T00:00:00.000+01:00,148.384,0.522420009013069,Índice servicios,principado de asturias
2019-12-01T00:00:00.000+01:00,142.7,0.5245879943975325,Índice servicios,principado de asturias
2019-01-01T00:00:00.000+01:00,120.151,0.46004116849116555,Índice servicios corregido,principado de asturias
2019-02-01T00:00:00.000+01:00,125.118,0.49300293090276825,Índice servicios corregido,principado de asturias
2019-03-01T00:00:00.000+01:00,132.029,0.4490794623589235,Índice servicios corregido,principado de asturias
2019-04-01T00:00:00.000+02:00,126.01,0.4665780016677622,Índice servicios corregido,principado de asturias
2019-05-01T00:00:00.000+02:00,132.002,0.43438224058744934,Índice servicios corregido,principado de asturias
2019-06-01T00:00:00.000+02:00,133.192,0.4186817497716367,Índice servicios corregido,principado de asturias
2019-07-01T00:00:00.000+02:00,128.213,0.39450810096490785,Índice servicios corregido,principado de asturias
2019-08-01T00:00:00.000+02:00,128.89,0.3973992721426096,Índice servicios corregido,principado de asturias
2019-09-01T00:00:00.000+02:00,121.655,0.42665160464269514,Índice servicios corregido,principado de asturias
2019-10-01T00:00:00.000+02:00,130.073,0.4295883907325268,Índice servicios corregido,principado de asturias
2019-11-01T00:00:00.000+01:00,135.648,0.4625913723161355,Índice servicios corregido,principado de asturias
2019-12-01T00:00:00.000+01:00,129.323,0.4614551736838699,Índice servicios corregido,principado de asturias
2019-01-01T00:00:00.000+01:00,-7.400451830189465,1.0,Variación mensual,principado de asturias
2019-02-01T00:00:00.000+01:00,-1.081537877084585,1.0,Variación mensual,principado de asturias
2019-03-01T00:00:00.000+01:00,9.766194054607608,1.0,Variación mensual,principado de asturias
2019-04-01T00:00:00.000+02:00,-3.5657414271202215,1.0,Variación mensual,principado de asturias
2019-05-01T00:00:00.000+02:00,3.0314309598921114,1.0,Variación mensual,principado de asturias
2019-06-01T00:00:00.000+02:00,7.907297121017249,1.0,Variación mensual,principado de asturias
2019-07-01T00:00:00.000+02:00,4.827593739419162,1.0,Variación mensual,principado de asturias
2019-08-01T00:00:00.000+02:00,1.23275960926994,1.0,Variación mensual,principado de asturias
2019-09-01T00:00:00.000+02:00,-1.7549721172654156,1.0,Variación mensual,principado de asturias
2019-10-01T00:00:00.000+02:00,7.487184157797488,1.0,Variación mensual,principado de asturias
2019-11-01T00:00:00.000+01:00,9.203040940837065,1.0,Variación mensual,principado de asturias
2019-12-01T00:00:00.000+01:00,8.227406486060115,1.0,Variación mensual,principado de asturias
2019-01-01T00:00:00.000+01:00,-7.349516509615825,1.0,Variación mensual corregida,principado de asturias
2019-02-01T00:00:00.000+01:00,-1.9743336623889516,1.0,Variación mensual corregida,principado de asturias
2019-03-01T00:00:00.000+01:00,6.743580622210719,1.0,Variación mensual corregida,principado de asturias
2019-04-01T00:00:00.000+02:00,-2.496208486799332,1.0,Variación mensual corregida,principado de asturias
2019-05-01T00:00:00.000+02:00,-1.3002744109884061,1.0,Variación mensual corregida,principado de asturias
2019-06-01T00:00:00.000+02:00,6.485449312440046,1.0,Variación mensual corregida,principado de asturias
2019-07-01T00:00:00.000+02:00,2.48267483034522,1.0,Variación mensual corregida,principado de asturias
2019-08-01T00:00:00.000+02:00,2.5475781299726177,1.0,Variación mensual corregida,principado de asturias
2019-09-01T00:00:00.000+02:00,2.329982756445301,1.0,Variación mensual corregida,principado de asturias
2019-10-01T00:00:00.000+02:00,5.3487110124808765,1.0,Variación mensual corregida,principado de asturias
2019-11-01T00:00:00.000+01:00,8.273269318263448,1.0,Variación mensual corregida,principado de asturias
2019-12-01T00:00:00.000+01:00,7.859049207673062,1.0,Variación mensual corregida,principado de asturias
2019-01-01T00:00:00.000+01:00,133.623,0.5265433023083531,Índice servicios,comunidad de madrid
2019-02-01T00:00:00.000+01:00,127.588,0.5048871020078668,Índice servicios,comunidad de madrid
2019-03-01T00:00:00.000+01:00,152.204,0.5354902491969616,Índice servicios,comunidad de madrid
2019-04-01T00:00:00.000+02:00,140.497,0.5271793986649507,Índice servicios,comunidad de madrid
2019-05-01T00:00:00.000+02:00,168.851,0.5612408717878831,Índice servicios,comunidad de madrid
2019-06-01T00:00:00.000+02:00,177.023,0.5706461647567009,Índice servicios,comunidad de madrid
2019-07-01T00:00:00.000+02:00,191.954,0.599543363307274,Índice servicios,comunidad de madrid
2019-08-01T00:00:00.000+02:00,194.211,0.6010844906081999,Índice servicios,comunidad de madrid
2019-09-01T00:00:00.000+02:00,161.729,0.5707061796008244,Índice servicios,comunidad de madrid
2019-10-01T00:00:00.000+02:00,165.225,0.5595195361973329,Índice servicios,comunidad de madrid
2019-11-01T00:00:00.000+01:00,148.384,0.522420009013069,Índice servicios,comunidad de madrid
2019-12-01T00:00:00.000+01:00,142.7,0.5245879943975325,Índice servicios,comunidad de madrid
2019-01-01T00:00:00.000+01:00,120.151,0.46004116849116555,Índice servicios corregido,comunidad de madrid
2019-02-01T00:00:00.000+01:00,125.118,0.49300293090276825,Índice servicios corregido,comunidad de madrid
2019-03-01T00:00:00.000+01:00,132.029,0.4490794623589235,Índice servicios corregido,comunidad de madrid
2019-04-01T00:00:00.000+02:00,126.01,0.4665780016677622,Índice servicios corregido,comunidad de madrid
2019-05-01T00:00:00.000+02:00,132.002,0.43438224058744934,Índice servicios corregido,comunidad de madrid
2019-06-01T00:00:00.000+02:00,133.192,0.4186817497716367,Índice servicios corregido,comunidad de madrid
2019-07-01T00:00:00.000+02:00,128.213,0.39450810096490785,Índice servicios corregido,comunidad de madrid
2019-08-01T00:00:00.000+02:00,128.89,0.3973992721426096,Índice servicios corregido,comunidad de madrid
2019-09-01T00:00:00.000+02:00,121.655,0.42665160464269514,Índice servicios corregido,comunidad de madrid
2019-10-01T00:00:00.000+02:00,130.073,0.4295883907325268,Índice servicios corregido,comunidad de madrid
2019-11-01T00:00:00.000+01:00,135.648,0.4625913723161355,Índice servicios corregido,comunidad de madrid
2019-12-01T00:00:00.000+01:00,129.323,0.4614551736838699,Índice servicios corregido,comunidad de madrid
2019-01-01T00:00:00.000+01:00,-7.400451830189465,1.0,Variación mensual,comunidad de madrid
2019-02-01T00:00:00.000+01:00,-1.081537877084585,1.0,Variación mensual,comunidad de madrid
2019-03-01T00:00:00.000+01:00,9.766194054607608,1.0,Variación mensual,comunidad de madrid
2019-04-01T00:00:00.000+02:00,-3.5657414271202215,1.0,Variación mensual,comunidad de madrid
2019-05-01T00:00:00.000+02:00,3.0314309598921114,1.0,Variación mensual,comunidad de madrid
2019-06-01T00:00:00.000+02:00,7.907297121017249,1.0,Variación mensual,comunidad de madrid
2019-07-01T00:00:00.000+02:00,4.827593739419162,1.0,Variación mensual,comunidad de madrid
2019-08-01T00:00:00.000+02:00,1.23275960926994,1.0,Variación mensual,comunidad de madrid
2019-09-01T00:00:00.000+02:00,-1.7549721172654156,1.0,Variación mensual,comunidad de madrid
2019-10-01T00:00:00.000+02:00,7.487184157797488,1.0,Variación mensual,comunidad de madrid
2019-11-01T00:00:00.000+01:00,9.203040940837065,1.0,Variación mensual,comunidad de madrid
2019-12-01T00:00:00.000+01:00,8.227406486060115,1.0,Variación mensual,comunidad de madrid
2019-01-01T00:00:00.000+01:00,-7.349516509615825,1.0,Variación mensual corregida,comunidad de madrid
2019-02-01T00:00:00.000+01:00,-1.9743336623889516,1.0,Variación mensual corregida,comunidad de madrid
2019-03-01T00:00:00.000+01:00,6.743580622210719,1.0,Variación mensual corregida,comunidad de madrid
2019-04-01T00:00:00.000+02:00,-2.496208486799332,1.0,Variación mensual corregida,comunidad de madrid
2019-05-01T00:00:00.000+02:00,-1.3002744109884061,1.0,Variación mensual corregida,comunidad de madrid
2019-06-01T00:00:00.000+02:00,6.485449312440046,1.0,Variación mensual corregida,comunidad de madrid
2019-07-01T00:00:00.000+02:00,2.48267483034522,1.0,Variación mensual corregida,comunidad de madrid
2019-08-01T00:00:00.000+02:00,2.5475781299726177,1.0,Variación mensual corregida,comunidad de madrid
2019-09-01T00:00:00.000+02:00,2.329982756445301,1.0,Variación mensual corregida,comunidad de madrid
2019-10-01T00:00:00.000+02:00,5.3487110124808765,1.0,Variación mensual corregida,comunidad de madrid
2019-11-01T00:00:00.000+01:00,8.273269318263448,1.0,Variación mensual corregida,comunidad de madrid
2019-12-01T00:00:00.000+01:00,7.859049207673062,1.0,Variación mensual corregida,comunidad de madrid
2019-01-01T00:00:00.000+01:00,133.623,0.5265433023083531,Índice servicios,comunidad de navarra
2019-02-01T00:00:00.000+01:00,127.588,0.5048871020078668,Índice servicios,comunidad de navarra
2019-03-01T00:00:00.000+01:00,152.204,0.5354902491969616,Índice servicios,comunidad de navarra
2019-04-01T00:00:00.000+02:00,140.497,0.5271793986649507,Índice servicios,comunidad de navarra
2019-05-01T00:00:00.000+02:00,168.851,0.5612408717878831,Índice servicios,comunidad de navarra
2019-06-01T00:00:00.000+02:00,177.023,0.5706461647567009,Índice servicios,comunidad de navarra
2019-07-01T00:00:00.000+02:00,191.954,0.599543363307274,Índice servicios,comunidad de navarra
2019-08-01T00:00:00.000+02:00,194.211,0.6010844906081999,Índice servicios,comunidad de navarra
2019-09-01T00:00:00.000+02:00,161.729,0.5707061796008244,Índice servicios,comunidad de navarra
2019-10-01T00:00:00.000+02:00,165.225,0.5595195361973329,Índice servicios,comunidad de navarra
2019-11-01T00:00:00.000+01:00,148.384,0.522420009013069,Índice servicios,comunidad de navarra
2019-12-01T00:00:00.000+01:00,142.7,0.5245879943975325,Índice servicios,comunidad de navarra
2019-01-01T00:00:00.000+01:00,120.151,0.46004116849116555,Índice servicios corregido,comunidad de navarra
2019-02-01T00:00:00.000+01:00,125.118,0.49300293090276825,Índice servicios corregido,comunidad de navarra
2019-03-01T00:00:00.000+01:00,132.029,0.4490794623589235,Índice servicios corregido,comunidad de navarra
2019-04-01T00:00:00.000+02:00,126.01,0.4665780016677622,Índice servicios corregido,comunidad de navarra
2019-05-01T00:00:00.000+02:00,132.002,0.43438224058744934,Índice servicios corregido,comunidad de navarra
2019-06-01T00:00:00.000+02:00,133.192,0.4186817497716367,Índice servicios corregido,comunidad de navarra
2019-07-01T00:00:00.000+02:00,128.213,0.39450810096490785,Índice servicios corregido,comunidad de navarra
2019-08-01T00:00:00.000+02:00,128.89,0.3973992721426096,Índice servicios corregido,comunidad de navarra
2019-09-01T00:00:00.000+02:00,121.655,0.42665160464269514,Índice servicios corregido,comunidad de navarra
2019-10-01T00:00:00.000+02:00,130.073,0.4295883907325268,Índice servicios corregido,comunidad de navarra
2019-11-01T00:00:00.000+01:00,135.648,0.4625913723161355,Índice servicios corregido,comunidad de navarra
2019-12-01T00:00:00.000+01:00,129.323,0.4614551736838699,Índice servicios corregido,comunidad de navarra
2019-01-01T00:00:00.000+01:00,-7.400451830189465,1.0,Variación mensual,comunidad de navarra
2019-02-01T00:00:00.000+01:00,-1.081537877084585,1.0,Variación mensual,comunidad de navarra
2019-03-01T00:00:00.000+01:00,9.766194054607608,1.0,Variación mensual,comunidad de navarra
2019-04-01T00:00:00.000+02:00,-3.5657414271202215,1.0,Variación mensual,comunidad de navarra
2019-05-01T00:00:00.000+02:00,3.0314309598921114,1.0,Variación mensual,comunidad de navarra
2019-06-01T00:00:00.000+02:00,7.907297121017249,1.0,Variación mensual,comunidad de navarra
2019-07-01T00:00:00.000+02:00,4.827593739419162,1.0,Variación mensual,comunidad de navarra
2019-08-01T00:00:00.000+02:00,1.23275960926994,1.0,Variación mensual,comunidad de navarra
2019-09-01T00:00:00.000+02:00,-1.7549721172654156,1.0,Variación mensual,comunidad de navarra
2019-10-01T00:00:00.000+02:00,7.487184157797488,1.0,Variación mensual,comunidad de navarra
2019-11-01T00:00:00.000+01:00,9.203040940837065,1.0,Variación mensual,comunidad de navarra
2019-12-01T00:00:00.000+01:00,8.227406486060115,1.0,Variación mensual,comunidad de navarra
2019-01-01T00:00:00.000+01:00,-7.349516509615825,1.0,Variación mensual corregida,comunidad de navarra
2019-02-01T00:00:00.000+01:00,-1.9743336623889516,1.0,Variación mensual corregida,comunidad de navarra
2019-03-01T00:00:00.000+01:00,6.743580622210719,1.0,Variación mensual corregida,comunidad de navarra
2019-04-01T00:00:00.000+02:00,-2.496208486799332,1.0,Variación mensual corregida,comunidad de navarra
2019-05-01T00:00:00.000+02:00,-1.3002744109884061,1.0,Variación mensual corregida,comunidad de navarra
2019-06-01T00:00:00.000+02:00,6.485449312440046,1.0,Variación mensual corregida,comunidad de navarra
2019-07-01T00:00:00.000+02:00,2.48267483034522,1.0,Variación mensual corregida,comunidad de navarra
2019-08-01T00:00:00.000+02:00,2.5475781299726177,1.0,Variación mensual corregida,comunidad de navarra
2019-09-01T00:00:00.000+02:00,2.329982756445301,1.0,Variación mensual corregida,comunidad de navarra
2019-10-01T00:00:00.000+02:00,5.3487110124808765,1.0,Variación mensual corregida,comunidad de navarra
2019-11-01T00:00:00.000+01:00,8.273269318263448,1.0,Variación mensual corregida,comunidad de navarra
2019-12-01T00:00:00.000+01:00,7.859049207673062,1.0,Variación mensual corregida,comunidad de navarra
2019-01-01T00:00:00.000+01:00,133.623,0.5265433023083531,Índice servicios,comunidad valenciana
2019-02-01T00:00:00.000+01:00,127.588,0.5048871020078668,Índice servicios,comunidad valenciana
2019-03-01T00:00:00.000+01:00,152.204,0.5354902491969616,Índice servicios,comunidad valenciana
2019-04-01T00:00:00.000+02:00,140.497,0.5271793986649507,Índice servicios,comunidad valenciana
2019-05-01T00:00:00.000+02:00,168.851,0.5612408717878831,Índice servicios,comunidad valenciana
2019-06-01T00:00:00.000+02:00,177.023,0.5706461647567009,Índice servicios,comunidad valenciana
2019-07-01T00:00:00.000+02:00,191.954,0.599543363307274,Índice servicios,comunidad valenciana
2019-08-01T00:00:00.000+02:00,194.211,0.6010844906081999,Índice servicios,comunidad valenciana
2019-09-01T00:00:00.000+02:00,161.729,0.5707061796008244,Índice servicios,comunidad valenciana
2019-10-01T00:00:00.000+02:00,165.225,0.5595195361973329,Índice servicios,comunidad valenciana
2019-11-01T00:00:00.000+01:00,148.384,0.522420009013069,Índice servicios,comunidad valenciana
2019-12-01T00:00:00.000+01:00,142.7,0.5245879943975325,Índice servicios,comunidad valenciana
2019-01-01T00:00:00.000+01:00,120.151,0.46004116849116555,Índice servicios corregido,comunidad valenciana
2019-02-01T00:00:00.000+01:00,125.118,0.49300293090276825,Índice servicios corregido,comunidad valenciana
2019-03-01T00:00:00.000+01:00,132.029,0.4490794623589235,Índice servicios corregido,comunidad valenciana
2019-04-01T00:00:00.000+02:00,126.01,0.4665780016677622,Índice servicios corregido,comunidad valenciana
2019-05-01T00:00:00.000+02:00,132.002,0.43438224058744934,Índice servicios corregido,comunidad valenciana
2019-06-01T00:00:00.000+02:00,133.192,0.4186817497716367,Índice servicios corregido,comunidad valenciana
2019-07-01T00:00:00.000+02:00,128.213,0.39450810096490785,Índice servicios corregido,comunidad valenciana
2019-08-01T00:00:00.000+02:00,128.89,0.3973992721426096,Índice servicios corregido,comunidad valenciana
2019-09-01T00:00:00.000+02:00,121.655,0.42665160464269514,Índice servicios corregido,comunidad valenciana
2019-10-01T00:00:00.000+02:00,130.073,0.4295883907325268,Índice servicios corregido,comunidad valenciana
2019-11-01T00:00:00.000+01:00,135.648,0.4625913723161355,Índice servicios corregido,comunidad valenciana
2019-12-01T00:00:00.000+01:00,129.323,0.4614551736838699,Índice servicios corregido,comunidad valenciana
2019-01-01T00:00:00.000+01:00,-7.400451830189465,1.0,Variación mensual,comunidad valenciana
2019-02-01T00:00:00.000+01:00,-1.081537877084585,1.0,Variación mensual,comunidad valenciana
2019-03-01T00:00:00.000+01:00,9.766194054607608,1.0,Variación mensual,comunidad valenciana
2019-04-01T00:00:00.000+02:00,-3.5657414271202215,1.0,Variación mensual,comunidad valenciana
2019-05-01T00:00:00.000+02:00,3.0314309598921114,1.0,Variación mensual,comunidad valenciana
2019-06-01T00:00:00.000+02:00,7.907297121017249,1.0,Variación mensual,comunidad valenciana
2019-07-01T00:00:00.000+02:00,4.827593739419162,1.0,Variación mensual,comunidad valenciana
2019-08-01T00:00:00.000+02:00,1.23275960926994,1.0,Variación mensual,comunidad valenciana
2019-09-01T00:00:00.000+02:00,-1.7549721172654156,1.0,Variación mensual,comunidad valenciana
2019-10-01T00:00:00.000+02:00,7.487184157797488,1.0,Variación mensual,comunidad valenciana
2019-11-01T00:00:00.000+01:00,9.203040940837065,1.0,Variación mensual,comunidad valenciana
2019-12-01T00:00:00.000+01:00,8.227406486060115,1.0,Variación mensual,comunidad valenciana
2019-01-01T00:00:00.000+01:00,-7.349516509615825,1.0,Variación mensual corregida,comunidad valenciana
2019-02-01T00:00:00.000+01:00,-1.9743336623889516,1.0,Variación mensual corregida,comunidad valenciana
2019-03-01T00:00:00.000+01:00,6.743580622210719,1.0,Variación mensual corregida,comunidad valenciana
2019-04-01T00:00:00.000+02:00,-2.496208486799332,1.0,Variación mensual corregida,comunidad valenciana
2019-05-01T00:00:00.000+02:00,-1.3002744109884061,1.0,Variación mensual corregida,comunidad valenciana
2019-06-01T00:00:00.000+02:00,6.485449312440046,1.0,Variación mensual corregida,comunidad valenciana
2019-07-01T00:00:00.000+02:00,2.48267483034522,1.0,Variación mensual corregida,comunidad valenciana
2019-08-01T00:00:00.000+02:00,2.5475781299726177,1.0,Variación mensual corregida,comunidad valenciana
2019-09-01T00:00:00.000+02:00,2.329982756445301,1.0,Variación mensual corregida,comunidad valenciana
2019-10-01T00:00:00.000+02:00,5.3487110124808765,1.0,Variación mensual corregida,comunidad valenciana
2019-11-01T00:00:00.000+01:00,8.273269318263448,1.0,Variación mensual corregida,comunidad valenciana
2019-12-01T00:00:00.000+01:00,7.859049207673062,1.0,Variación mensual corregida,comunidad valenciana
2019-01-01T00:00:00.000+01:00,133.623,0.5265433023083531,Índice servicios,extremadura
2019-02-01T00:00:00.000+01:00,127.588,0.5048871020078668,Índice servicios,extremadura
2019-03-01T00:00:00.000+01:00,152.204,0.5354902491969616,Índice servicios,extremadura
2019-04-01T00:00:00.000+02:00,140.497,0.5271793986649507,Índice servicios,extremadura
2019-05-01T00:00:00.000+02:00,168.851,0.5612408717878831,Índice servicios,extremadura
2019-06-01T00:00:00.000+02:00,177.023,0.5706461647567009,Índice servicios,extremadura
2019-07-01T00:00:00.000+02:00,191.954,0.599543363307274,Índice servicios,extremadura
2019-08-01T00:00:00.000+02:00,194.211,0.6010844906081999,Índice servicios,extremadura
2019-09-01T00:00:00.000+02:00,161.729,0.5707061796008244,Índice servicios,extremadura
2019-10-01T00:00:00.000+02:00,165.225,0.5595195361973329,Índice servicios,extremadura
2019-11-01T00:00:00.000+01:00,148.384,0.522420009013069,Índice servicios,extremadura
2019-12-01T00:00:00.000+01:00,142.7,0.5245879943975325,Índice servicios,extremadura
2019-01-01T00:00:00.000+01:00,120.151,0.46004116849116555,Índice servicios corregido,extremadura
2019-02-01T00:00:00.000+01:00,125.118,0.49300293090276825,Índice servicios corregido,extremadura
2019-03-01T00:00:00.000+01:00,132.029,0.4490794623589235,Índice servicios corregido,extremadura
2019-04-01T00:00:00.000+02:00,126.01,0.4665780016677622,Índice servicios corregido,extremadura
2019-05-01T00:00:00.000+02:00,132.002,0.43438224058744934,Índice servicios corregido,extremadura
2019-06-01T00:00:00.000+02:00,133.192,0.4186817497716367,Índice servicios corregido,extremadura
2019-07-01T00:00:00.000+02:00,128.213,0.39450810096490785,Índice servicios corregido,extremadura
2019-08-01T00:00:00.000+02:00,128.89,0.3973992721426096,Índice servicios corregido,extremadura
2019-09-01T00:00:00.000+02:00,121.655,0.42665160464269514,Índice servicios corregido,extremadura
2019-10-01T00:00:00.000+02:00,130.073,0.4295883907325268,Índice servicios corregido,extremadura
2019-11-01T00:00:00.000+01:00,135.648,0.4625913723161355,Índice servicios corregido,extremadura
2019-12-01T00:00:00.000+01:00,129.323,0.4614551736838699,Índice servicios corregido,extremadura
2019-01-01T00:00:00.000+01:00,-7.400451830189465,1.0,Variación mensual,extremadura
2019-02-01T00:00:00.000+01:00,-1.081537877084585,1.0,Variación mensual,extremadura
2019-03-01T00:00:00.000+01:00,9.766194054607608,1.0,Variación mensual,extremadura
2019-04-01T00:00:00.000+02:00,-3.5657414271202215,1.0,Variación mensual,extremadura
2019-05-01T00:00:00.000+02:00,3.0314309598921114,1.0,Variación mensual,extremadura
2019-06-01T00:00:00.000+02:00,7.907297121017249,1.0,Variación mensual,extremadura
2019-07-01T00:00:00.000+02:00,4.827593739419162,1.0,Variación mensual,extremadura
2019-08-01T00:00:00.000+02:00,1.23275960926994,1.0,Variación mensual,extremadura
2019-09-01T00:00:00.000+02:00,-1.7549721172654156,1.0,Variación mensual,extremadura
2019-10-01T00:00:00.000+02:00,7.487184157797488,1.0,Variación mensual,extremadura
2019-11-01T00:00:00.000+01:00,9.203040940837065,1.0,Variación mensual,extremadura
2019-12-01T00:00:00.000+01:00,8.227406486060115,1.0,Variación mensual,extremadura
2019-01-01T00:00:00.000+01:00,-7.349516509615825,1.0,Variación mensual corregida,extremadura
2019-02-01T00:00:00.000+01:00,-1.9743336623889516,1.0,Variación mensual corregida,extremadura
2019-03-01T00:00:00.000+01:00,6.743580622210719,1.0,Variación mensual corregida,extremadura
2019-04-01T00:00:00.000+02:00,-2.496208486799332,1.0,Variación mensual corregida,extremadura
2019-05-01T00:00:00.000+02:00,-1.3002744109884061,1.0,Variación mensual corregida,extremadura
2019-06-01T00:00:00.000+02:00,6.485449312440046,1.0,Variación mensual corregida,extremadura
2019-07-01T00:00:00.000+02:00,2.48267483034522,1.0,Variación mensual corregida,extremadura
2019-08-01T00:00:00.000+02:00,2.5475781299726177,1.0,Variación mensual corregida,extremadura
2019-09-01T00:00:00.000+02:00,2.329982756445301,1.0,Variación mensual corregida,extremadura
2019-10-01T00:00:00.000+02:00,5.3487110124808765,1.0,Variación mensual corregida,extremadura
2019-11-01T00:00:00.000+01:00,8.273269318263448,1.0,Variación mensual corregida,extremadura
2019-12-01T00:00:00.000+01:00,7.859049207673062,1.0,Variación mensual corregida,extremadura
2019-01-01T00:00:00.000+01:00,133.623,0.5265433023083531,Índice servicios,galicia
2019-02-01T00:00:00.000+01:00,127.588,0.5048871020078668,Índice servicios,galicia
2019-03-01T00:00:00.000+01:00,152.204,0.5354902491969616,Índice servicios,galicia
2019-04-01T00:00:00.000+02:00,140.497,0.5271793986649507,Índice servicios,galicia
2019-05-01T00:00:00.000+02:00,168.851,0.5612408717878831,Índice servicios,galicia
2019-06-01T00:00:00.000+02:00,177.023,0.5706461647567009,Índice servicios,galicia
2019-07-01T00:00:00.000+02:00,191.954,0.599543363307274,Índice servicios,galicia
2019-08-01T00:00:00.000+02:00,194.211,0.6010844906081999,Índice servicios,galicia
2019-09-01T00:00:00.000+02:00,161.729,0.5707061796008244,Índice servicios,galicia
2019-10-01T00:00:00.000+02:00,165.225,0.5595195361973329,Índice servicios,galicia
2019-11-01T00:00:00.000+01:00,148.384,0.522420009013069,Índice servicios,galicia
2019-12-01T00:00:00.000+01:00,142.7,0.5245879943975325,Índice servicios,galicia
2019-01-01T00:00:00.000+01:00,120.151,0.46004116849116555,Índice servicios corregido,galicia
2019-02-01T00:00:00.000+01:00,125.118,0.49300293090276825,Índice servicios corregido,galicia
2019-03-01T00:00:00.000+01:00,132.029,0.4490794623589235,Índice servicios corregido,galicia
2019-04-01T00:00:00.000+02:00,126.01,0.4665780016677622,Índice servicios corregido,galicia
2019-05-01T00:00:00.000+02:00,132.002,0.43438224058744934,Índice servicios corregido,galicia
2019-06-01T00:00:00.000+02:00,133.192,0.4186817497716367,Índice servicios corregido,galicia
2019-07-01T00:00:00.000+02:00,128.213,0.39450810096490785,Índice servicios corregido,galicia
2019-08-01T00:00:00.000+02:00,128.89,0.3973992721426096,Índice servicios corregido,galicia
2019-09-01T00:00:00.000+02:00,121.655,0.42665160464269514,Índice servicios corregido,galicia
2019-10-01T00:00:00.000+02:00,130.073,0.4295883907325268,Índice servicios corregido,galicia
2019-11-01T00:00:00.000+01:00,135.648,0.4625913723161355,Índice servicios corregido,galicia
2019-12-01T00:00:00.000+01:00,129.323,0.4614551736838699,Índice servicios corregido,galicia
2019-01-01T00:00:00.000+01:00,-7.400451830189465,1.0,Variación mensual,galicia
2019-02-01T00:00:00.000+01:00,-1.081537877084585,1.0,Variación mensual,galicia
2019-03-01T00:00:00.000+01:00,9.766194054607608,1.0,Variación mensual,galicia
2019-04-01T00:00:00.000+02:00,-3.5657414271202215,1.0,Variación mensual,galicia
2019-05-01T00:00:00.000+02:00,3.0314309598921114,1.0,Variación mensual,galicia
2019-06-01T00:00:00.000+02:00,7.907297121017249,1.0,Variación mensual,galicia
2019-07-01T00:00:00.000+02:00,4.827593739419162,1.0,Variación mensual,galicia
2019-08-01T00:00:00.000+02:00,1.23275960926994,1.0,Variación mensual,galicia
2019-09-01T00:00:00.000+02:00,-1.7549721172654156,1.0,Variación mensual,galicia
2019-10-01T00:00:00.000+02:00,7.487184157797488,1.0,Variación mensual,galicia
2019-11-01T00:00:00.000+01:00,9.203040940837065,1.0,Variación mensual,galicia
2019-12-01T00:00:00.000+01:00,8.227406486060115,1.0,Variación mensual,galicia
2019-01-01T00:00:00.000+01:00,-7.349516509615825,1.0,Variación mensual corregida,galicia
2019-02-01T00:00:00.000+01:00,-1.9743336623889516,1.0,Variación mensual corregida,galicia
2019-03-01T00:00:00.000+01:00,6.743580622210719,1.0,Variación mensual corregida,galicia
2019-04-01T00:00:00.000+02:00,-2.496208486799332,1.0,Variación mensual corregida,galicia
2019-05-01T00:00:00.000+02:00,-1.3002744109884061,1.0,Variación mensual corregida,galicia
2019-06-01T00:00:00.000+02:00,6.485449312440046,1.0,Variación mensual corregida,galicia
2019-07-01T00:00:00.000+02:00,2.48267483034522,1.0,Variación mensual corregida,galicia
2019-08-01T00:00:00.000+02:00,2.5475781299726177,1.0,Variación mensual corregida,galicia
2019-09-01T00:00:00.000+02:00,2.329982756445301,1.0,Variación mensual corregida,galicia
2019-10-01T00:00:00.000+02:00,5.3487110124808765,1.0,Variación mensual corregida,galicia
2019-11-01T00:00:00.000+01:00,8.273269318263448,1.0,Variación mensual corregida,galicia
2019-12-01T00:00:00.000+01:00,7.859049207673062,1.0,Variación mensual corregida,galicia
2019-01-01T00:00:00.000+01:00,133.623,0.5265433023083531,Índice servicios,la rioja
2019-02-01T00:00:00.000+01:00,127.588,0.5048871020078668,Índice servicios,la rioja
2019-03-01T00:00:00.000+01:00,152.204,0.5354902491969616,Índice servicios,la rioja
2019-04-01T00:00:00.000+02:00,140.497,0.5271793986649507,Índice servicios,la rioja
2019-05-01T00:00:00.000+02:00,168.851,0.5612408717878831,Índice servicios,la rioja
2019-06-01T00:00:00.000+02:00,177.023,0.5706461647567009,Índice servicios,la rioja
2019-07-01T00:00:00.000+02:00,191.954,0.599543363307274,Índice servicios,la rioja
2019-08-01T00:00:00.000+02:00,194.211,0.6010844906081999,Índice servicios,la rioja
2019-09-01T00:00:00.000+02:00,161.729,0.5707061796008244,Índice servicios,la rioja
2019-10-01T00:00:00.000+02:00,165.225,0.5595195361973329,Índice servicios,la rioja
2019-11-01T00:00:00.000+01:00,148.384,0.522420009013069,Índice servicios,la rioja
2019-12-01T00:00:00.000+01:00,142.7,0.5245879943975325,Índice servicios,la rioja
2019-01-01T00:00:00.000+01:00,120.151,0.46004116849116555,Índice servicios corregido,la rioja
2019-02-01T00:00:00.000+01:00,125.118,0.49300293090276825,Índice servicios corregido,la rioja
2019-03-01T00:00:00.000+01:00,132.029,0.4490794623589235,Índice servicios corregido,la rioja
2019-04-01T00:00:00.000+02:00,126.01,0.4665780016677622,Índice servicios corregido,la rioja
2019-05-01T00:00:00.000+02:00,132.002,0.43438224058744934,Índice servicios corregido,la rioja
2019-06-01T00:00:00.000+02:00,133.192,0.4186817497716367,Índice servicios corregido,la rioja
2019-07-01T00:00:00.000+02:00,128.213,0.39450810096490785,Índice servicios corregido,la rioja
2019-08-01T00:00:00.000+02:00,128.89,0.3973992721426096,Índice servicios corregido,la rioja
2019-09-01T00:00:00.000+02:00,121.655,0.42665160464269514,Índice servicios corregido,la rioja
2019-10-01T00:00:00.000+02:00,130.073,0.4295883907325268,Índice servicios corregido,la rioja
2019-11-01T00:00:00.000+01:00,135.648,0.4625913723161355,Índice servicios corregido,la rioja
2019-12-01T00:00:00.000+01:00,129.323,0.4614551736838699,Índice servicios corregido,la rioja
2019-01-01T00:00:00.000+01:00,-7.400451830189465,1.0,Variación mensual,la rioja
2019-02-01T00:00:00.000+01:00,-1.081537877084585,1.0,Variación mensual,la rioja
2019-03-01T00:00:00.000+01:00,9.766194054607608,1.0,Variación mensual,la rioja
2019-04-01T00:00:00.000+02:00,-3.5657414271202215,1.0,Variación mensual,la rioja
2019-05-01T00:00:00.000+02:00,3.0314309598921114,1.0,Variación mensual,la rioja
2019-06-01T00:00:00.000+02:00,7.907297121017249,1.0,Variación mensual,la rioja
2019-07-01T00:00:00.000+02:00,4.827593739419162,1.0,Variación mensual,la rioja
2019-08-01T00:00:00.000+02:00,1.23275960926994,1.0,Variación mensual,la rioja
2019-09-01T00:00:00.000+02:00,-1.7549721172654156,1.0,Variación mensual,la rioja
2019-10-01T00:00:00.000+02:00,7.487184157797488,1.0,Variación mensual,la rioja
2019-11-01T00:00:00.000+01:00,9.203040940837065,1.0,Variación mensual,la rioja
2019-12-01T00:00:00.000+01:00,8.227406486060115,1.0,Variación mensual,la rioja
2019-01-01T00:00:00.000+01:00,-7.349516509615825,1.0,Variación mensual corregida,la rioja
2019-02-01T00:00:00.000+01:00,-1.9743336623889516,1.0,Variación mensual corregida,la rioja
2019-03-01T00:00:00.000+01:00,6.743580622210719,1.0,Variación mensual corregida,la rioja
2019-04-01T00:00:00.000+02:00,-2.496208486799332,1.0,Variación mensual corregida,la rioja
2019-05-01T00:00:00.000+02:00,-1.3002744109884061,1.0,Variación mensual corregida,la rioja
2019-06-01T00:00:00.000+02:00,6.485449312440046,1.0,Variación mensual corregida,la rioja
2019-07-01T00:00:00.000+02:00,2.48267483034522,1.0,Variación mensual corregida,la rioja
2019-08-01T00:00:00.000+02:00,2.5475781299726177,1.0,Variación mensual corregida,la rioja
2019-09-01T00:00:00.000+02:00,2.329982756445301,1.0,Variación mensual corregida,la rioja
2019-10-01T00:00:00.000+02:00,5.3487110124808765,1.0,Variación mensual corregida,la rioja
2019-11-01T00:00:00.000+01:00,8.273269318263448,1.0,Variación mensual corregida,la rioja
2019-12-01T00:00:00.000+01:00,7.859049207673062,1.0,Variación mensual corregida,la rioja
2019-01-01T00:00:00.000+01:00,133.623,0.5265433023083531,Índice servicios,region de murcia
2019-02-01T00:00:00.000+01:00,127.588,0.5048871020078668,Índice servicios,region de murcia
2019-03-01T00:00:00.000+01:00,152.204,0.5354902491969616,Índice servicios,region de murcia
2019-04-01T00:00:00.000+02:00,140.497,0.5271793986649507,Índice servicios,region de murcia
2019-05-01T00:00:00.000+02:00,168.851,0.5612408717878831,Índice servicios,region de murcia
2019-06-01T00:00:00.000+02:00,177.023,0.5706461647567009,Índice servicios,region de murcia
2019-07-01T00:00:00.000+02:00,191.954,0.599543363307274,Índice servicios,region de murcia
2019-08-01T00:00:00.000+02:00,194.211,0.6010844906081999,Índice servicios,region de murcia
2019-09-01T00:00:00.000+02:00,161.729,0.5707061796008244,Índice servicios,region de murcia
2019-10-01T00:00:00.000+02:00,165.225,0.5595195361973329,Índice servicios,region de murcia
2019-11-01T00:00:00.000+01:00,148.384,0.522420009013069,Índice servicios,region de murcia
2019-12-01T00:00:00.000+01:00,142.7,0.5245879943975325,Índice servicios,region de murcia
2019-01-01T00:00:00.000+01:00,120.151,0.46004116849116555,Índice servicios corregido,region de murcia
2019-02-01T00:00:00.000+01:00,125.118,0.49300293090276825,Índice servicios corregido,region de murcia
2019-03-01T00:00:00.000+01:00,132.029,0.4490794623589235,Índice servicios corregido,region de murcia
2019-04-01T00:00:00.000+02:00,126.01,0.4665780016677622,Índice servicios corregido,region de murcia
2019-05-01T00:00:00.000+02:00,132.002,0.43438224058744934,Índice servicios corregido,region de murcia
2019-06-01T00:00:00.000+02:00,133.192,0.4186817497716367,Índice servicios corregido,region de murcia
2019-07-01T00:00:00.000+02:00,128.213,0.39450810096490785,Índice servicios corregido,region de murcia
2019-08-01T00:00:00.000+02:00,128.89,0.3973992721426096,Índice servicios corregido,region de murcia
2019-09-01T00:00:00.000+02:00,121.655,0.42665160464269514,Índice servicios corregido,region de murcia
2019-10-01T00:00:00.000+02:00,130.073,0.4295883907325268,Índice servicios corregido,region de murcia
2019-11-01T00:00:00.000+01:00,135.648,0.4625913723161355,Índice servicios corregido,region de murcia
2019-12-01T00:00:00.000+01:00,129.323,0.4614551736838699,Índice servicios corregido,region de murcia
2019-01-01T00:00:00.000+01:00,-7.400451830189465,1.0,Variación mensual,region de murcia
2019-02-01T00:00:00.000+01:00,-1.081537877084585,1.0,Variación mensual,region de murcia
2019-03-01T00:00:00.000+01:00,9.766194054607608,1.0,Variación mensual,region de murcia
2019-04-01T00:00:00.000+02:00,-3.5657414271202215,1.0,Variación mensual,region de murcia
2019-05-01T00:00:00.000+02:00,3.0314309598921114,1.0,Variación mensual,region de murcia
2019-06-01T00:00:00.000+02:00,7.907297121017249,1.0,Variación mensual,region de murcia
2019-07-01T00:00:00.000+02:00,4.827593739419162,1.0,Variación mensual,region de murcia
2019-08-01T00:00:00.000+02:00,1.23275960926994,1.0,Variación mensual,region de murcia
2019-09-01T00:00:00.000+02:00,-1.7549721172654156,1.0,Variación mensual,region de murcia
2019-10-01T00:00:00.000+02:00,7.487184157797488,1.0,Variación mensual,region de murcia
2019-11-01T00:00:00.000+01:00,9.203040940837065,1.0,Variación mensual,region de murcia
2019-12-01T00:00:00.000+01:00,8.227406486060115,1.0,Variación mensual,region de murcia
2019-01-01T00:00:00.000+01:00,-7.349516509615825,1.0,Variación mensual corregida,region de murcia
2019-02-01T00:00:00.000+01:00,-1.9743336623889516,1.0,Variación mensual corregida,region de murcia
2019-03-01T00:00:00.000+01:00,6.743580622210719,1.0,Variación mensual corregida,region de murcia
2019-04-01T00:00:00.000+02:00,-2.496208486799332,1.0,Variación mensual corregida,region de murcia
2019-05-01T00:00:00.000+02:00,-1.3002744109884061,1.0,Variación mensual corregida,region de murcia
2019-06-01T00:00:00.000+02:00,6.485449312440046,1.0,Variación mensual corregida,region de murcia
2019-07-01T00:00:00.000+02:00,2.48267483034522,1.0,Variación mensual corregida,region de murcia
2019-08-01T00:00:00.000+02:00,2.5475781299726177,1.0,Variación mensual corregida,region de murcia
2019-09-01T00:00:00.000+02:00,2.329982756445301,1.0,Variación mensual corregida,region de murcia
2019-10-01T00:00:00.000+02:00,5.3487110124808765,1.0,Variación mensual corregida,region de murcia
2019-11-01T00:00:00.000+01:00,8.273269318263448,1.0,Variación mensual corregida,region de murcia
2019-12-01T00:00:00.000+01:00,7.859049207673062,1.0,Variación mensual corregida,region de murcia
